hour,day_of_week,traffic_density,rainfall,visibility,speed_avg,junction_score,accident_risk
6,1,62,94,55,115,8,0
19,1,81,88,28,94,5,1
14,1,13,79,97,116,2,1
10,3,14,62,93,21,7,1
7,2,58,41,56,74,7,1
20,1,39,63,61,34,3,0
6,6,81,53,33,83,1,0
18,1,72,77,26,119,4,0
22,5,56,76,98,88,2,0
10,0,35,70,55,34,4,0
10,5,66,75,73,62,8,0
23,5,46,36,37,93,2,1
20,0,16,3,59,36,1,0
3,6,49,1,73,117,3,0
7,2,48,98,37,43,7,1
23,5,71,43,95,93,6,1
2,2,87,66,65,49,6,0
21,5,62,67,68,86,7,0
20,4,13,75,14,70,8,1
1,0,91,82,63,79,3,0
23,5,34,73,53,22,3,1
11,4,16,61,51,24,8,1
5,3,37,0,81,47,7,1
1,4,78,16,66,97,5,0
20,1,76,15,56,30,4,0
0,5,29,8,85,91,6,1
11,4,92,52,34,91,9,1
21,2,20,72,53,95,6,0
11,3,76,58,24,34,8,0
16,6,96,8,60,102,1,0
9,5,16,11,62,67,6,1
15,1,32,40,43,65,2,1
14,6,70,14,86,47,3,1
14,4,80,65,17,26,6,0
18,6,43,74,86,90,2,1
11,6,28,10,79,113,4,1
22,3,67,7,30,101,6,1
19,6,18,54,16,107,5,0
2,6,57,95,99,25,6,1
4,5,91,5,88,77,6,1
18,3,50,52,65,87,8,0
6,1,57,19,58,74,9,1
20,4,54,38,51,86,5,0
8,3,34,98,32,68,6,0
6,3,87,71,61,70,6,1
17,0,34,33,88,78,6,0
3,3,28,56,62,25,2,1
13,0,48,18,25,109,4,0
17,4,88,70,46,70,1,1
8,6,89,30,27,57,1,0
20,5,36,81,29,30,1,0
1,5,83,39,55,71,7,0
19,4,72,13,11,112,1,1
14,4,77,99,96,39,6,1
6,2,28,80,72,29,2,1
11,6,37,36,12,45,6,0
7,4,94,43,55,67,6,0
14,3,87,8,58,110,3,1
2,5,42,57,10,33,8,1
13,1,19,19,31,119,4,0
16,5,92,91,23,78,7,0
3,0,39,49,94,31,4,0
17,5,31,19,54,42,1,1
7,2,12,35,15,104,6,0
3,6,91,26,74,91,5,1
1,4,84,71,30,58,9,0
5,6,57,31,13,28,9,1
21,4,11,0,12,107,8,0
9,5,85,16,39,114,7,0
3,1,63,8,40,44,2,1
21,1,15,83,43,36,8,0
17,2,49,44,92,61,3,0
11,0,11,95,29,48,6,0
1,5,82,65,96,79,7,1
9,4,11,31,63,86,6,0
3,5,83,44,34,104,5,1
13,2,64,8,24,76,4,0
15,3,81,29,47,91,2,0
14,3,69,83,32,33,9,1
7,2,15,37,61,58,7,1
13,4,28,59,75,35,7,1
22,6,36,0,66,37,4,1
7,2,10,4,66,114,5,1
20,4,42,62,88,94,6,1
15,1,49,98,61,39,2,0
12,2,41,35,44,65,4,0
17,4,78,64,83,64,4,0
14,2,26,77,23,23,4,0
20,2,17,72,23,103,7,1
23,6,66,93,42,114,7,0
12,6,51,23,61,39,7,0
8,4,18,3,10,30,7,0
14,4,96,77,43,84,2,1
12,0,44,88,28,37,5,1
0,2,80,67,33,58,2,0
6,3,88,24,13,63,5,1
8,2,62,73,45,116,6,0
23,2,63,98,86,119,3,1
0,4,93,6,67,37,6,0
11,2,34,12,41,66,5,1
7,5,76,67,18,50,4,0
23,2,71,42,89,118,9,0
10,5,64,56,76,58,8,1
18,6,55,35,29,57,7,1
16,3,33,13,83,98,1,1
7,4,55,81,71,66,9,1
2,2,31,71,67,89,9,0
2,5,20,95,31,27,6,0
0,5,57,26,76,105,7,0
4,6,17,36,84,84,3,0
9,5,48,86,98,32,5,0
6,1,44,70,57,74,7,0
8,0,58,75,17,107,1,0
6,3,55,24,82,104,1,0
8,6,47,66,24,62,5,1
7,6,17,89,41,23,9,0
11,2,63,3,62,90,7,1
1,1,46,99,76,79,1,1
0,2,49,78,13,31,5,1
15,2,43,95,39,78,8,1
22,4,88,92,22,96,8,0
22,4,26,73,30,73,2,1
23,4,42,84,50,63,7,0
4,1,56,15,28,35,5,0
2,2,61,18,57,25,9,1
11,0,89,28,95,33,3,0
7,3,18,50,72,77,1,0
21,4,42,17,29,50,4,1
2,4,69,57,73,119,7,1
0,6,86,43,46,60,1,0
2,2,30,15,40,54,2,0
4,2,67,64,83,29,5,0
14,1,94,1,27,100,9,0
13,1,78,55,29,49,1,1
2,4,19,78,91,63,4,1
0,2,15,27,20,74,3,1
4,0,22,64,95,90,5,1
22,3,74,4,53,37,5,0
13,2,29,21,91,102,2,1
6,6,66,99,73,98,5,0
8,2,55,12,43,105,9,0
14,5,17,64,96,58,5,1
14,1,19,15,74,61,2,0
9,6,82,85,64,73,7,0
12,3,76,63,83,49,6,0
18,4,20,31,10,39,7,1
6,6,21,79,47,115,8,0
16,2,19,50,18,61,5,0
19,4,34,78,80,108,2,0
3,2,58,57,26,106,7,0
4,4,58,45,61,24,7,1
22,3,98,51,27,69,8,1
6,1,20,62,72,60,7,0
12,3,71,75,42,113,7,0
14,5,45,59,13,58,9,0
10,0,48,64,96,76,8,1
3,1,62,80,84,110,2,1
12,3,99,54,61,76,2,0
6,5,87,56,18,56,7,0
18,0,65,91,73,26,3,1
21,5,10,70,39,24,1,0
1,2,65,72,17,98,9,1
9,2,13,85,14,70,3,0
12,4,39,25,85,27,1,0
20,1,21,11,72,75,6,0
5,2,44,70,10,92,4,0
11,6,86,45,24,30,1,1
11,5,61,46,98,41,4,1
19,1,40,78,91,117,8,1
10,6,96,37,47,118,7,0
22,2,77,20,51,96,1,0
6,4,61,13,55,30,9,1
0,3,89,1,62,79,6,1
0,4,16,71,35,115,2,0
19,6,31,69,70,34,3,1
12,0,84,32,76,57,7,0
8,2,65,5,63,20,3,1
2,6,67,89,31,65,3,0
6,0,73,36,35,107,5,0
5,0,21,13,92,62,3,1
7,5,16,36,69,41,3,1
8,1,64,7,48,22,5,0
4,5,71,76,45,33,5,0
0,2,99,12,30,21,9,1
18,0,82,39,50,80,1,0
9,6,86,91,57,51,1,1
11,3,64,57,35,57,9,0
23,0,45,17,72,116,5,1
14,6,98,56,86,65,4,0
21,3,33,82,45,61,2,0
23,5,53,37,33,25,9,0
8,5,26,31,99,60,6,0
19,1,11,85,30,44,9,0
16,6,22,65,27,117,5,0
16,0,40,76,24,30,4,0
19,4,37,86,88,60,7,1
11,5,69,24,15,90,5,1
6,5,36,91,52,76,8,0
1,1,24,57,40,65,8,1
2,3,88,74,37,105,2,1
16,1,42,32,17,67,5,0
4,0,29,87,38,82,8,1
16,6,51,65,30,58,3,0
23,2,21,29,90,29,7,1
16,2,82,80,97,104,3,1
16,6,32,33,67,89,6,1
1,3,81,85,69,84,2,0
1,5,23,68,59,117,6,1
21,3,34,47,40,78,6,0
22,5,86,39,56,97,8,0
4,5,94,50,43,55,5,1
0,2,40,79,11,46,1,0
0,3,63,12,76,92,8,0
18,1,14,89,81,74,9,1
1,5,22,30,61,89,1,0
20,4,37,38,16,114,5,1
11,4,52,62,85,100,6,1
5,1,98,47,28,72,4,0
22,4,56,86,99,79,2,1
3,0,80,47,24,80,5,1
22,5,47,60,87,55,4,0
10,1,76,11,57,104,7,0
23,3,71,77,23,46,6,0
16,5,48,55,12,60,3,0
5,1,46,17,59,47,9,1
23,2,95,26,63,35,4,1
4,3,17,27,15,54,5,1
19,2,90,81,58,55,3,1
1,5,61,79,32,75,8,1
5,3,42,51,87,118,7,0
21,4,90,15,87,38,7,1
10,1,51,76,29,76,8,1
15,5,85,57,86,104,7,1
15,0,36,92,69,52,3,1
0,3,17,8,54,42,3,0
8,3,32,25,70,82,2,0
5,6,73,27,65,89,1,0
15,5,29,76,11,115,5,1
2,5,25,35,54,41,4,1
19,2,26,8,49,86,2,1
3,6,89,46,33,118,1,0
18,4,28,77,38,99,3,1
2,2,17,50,76,78,6,0
18,6,47,75,77,44,2,1
19,2,47,56,75,36,7,0
6,4,62,31,93,58,7,0
19,6,99,66,63,96,3,1
8,6,40,56,62,111,1,1
0,0,53,53,88,94,9,0
7,2,69,15,58,93,5,0
6,2,85,61,41,58,2,0
17,3,26,83,70,43,8,0
7,4,88,95,51,57,4,0
0,1,82,55,10,107,7,1
10,0,48,22,72,116,5,0
17,6,51,16,44,100,3,1
22,6,57,79,60,76,8,1
9,6,21,37,80,63,2,1
2,0,98,71,54,55,1,1
6,6,27,82,86,118,5,1
15,6,88,29,74,89,4,0
15,4,15,57,23,99,7,1
19,5,52,97,12,64,9,0
16,5,44,77,33,111,6,1
1,3,63,21,74,115,1,0
0,3,71,16,57,45,8,1
15,6,78,14,19,30,2,0
11,4,91,47,22,71,4,0
4,6,25,31,82,44,3,0
4,3,17,76,23,50,6,1
22,0,98,84,19,104,2,0
8,0,99,39,49,64,5,1
8,1,95,96,32,86,9,1
2,5,40,56,64,95,3,0
18,4,19,57,72,59,2,1
15,2,65,90,80,65,2,1
15,5,85,98,51,73,9,1
2,2,79,15,75,60,6,1
19,1,29,27,88,108,2,0
23,1,14,97,82,100,3,1
21,6,32,0,56,57,1,0
23,3,18,40,90,119,2,1
0,1,67,47,61,55,2,0
23,1,68,30,27,102,2,0
19,2,89,35,88,63,7,1
10,3,63,32,27,76,3,1
16,1,55,32,33,85,4,1
7,5,31,81,32,100,2,1
3,1,73,22,21,49,5,1
5,3,17,59,32,29,9,0
7,6,29,86,30,118,9,0
19,4,60,78,73,80,7,0
2,3,87,89,99,82,8,1
15,2,48,29,81,55,5,1
2,4,46,88,43,73,5,1
17,5,59,44,11,116,3,0
13,0,43,79,78,84,6,1
17,3,84,38,40,101,1,0
1,6,42,44,77,23,3,0
21,2,40,77,79,74,2,1
2,5,63,80,96,73,7,0
15,4,53,11,28,110,9,0
8,5,43,92,81,108,4,0
3,3,80,31,22,83,7,1
0,1,71,55,74,111,8,0
3,6,32,23,15,41,2,1
0,3,55,12,80,44,7,1
13,0,65,19,36,100,3,0
20,3,16,78,88,78,8,1
15,4,98,55,61,76,6,0
19,4,70,52,96,73,3,1
23,3,12,67,57,63,8,1
7,4,47,53,97,71,3,1
6,1,93,33,88,95,9,1
2,5,43,27,77,35,3,1
16,3,53,49,53,35,1,1
0,6,39,1,26,100,2,1
15,1,26,93,47,74,4,0
11,5,68,25,19,80,2,0
18,6,19,50,63,114,4,0
21,6,93,46,15,98,4,1
22,6,27,25,15,96,4,0
21,5,54,83,61,59,1,1
13,1,68,91,24,110,9,1
5,6,71,83,77,40,7,1
5,6,68,74,66,85,2,1
12,2,58,73,65,27,3,1
18,3,72,60,16,90,8,1
21,5,96,22,60,29,7,1
7,5,41,36,67,76,4,1
1,4,19,40,73,23,4,0
20,5,20,51,35,62,9,1
0,1,79,82,67,119,5,0
14,5,71,81,40,118,5,0
0,2,56,48,75,82,7,1
4,3,43,26,22,62,1,0
15,3,26,5,27,86,3,1
18,5,63,73,84,101,2,0
3,6,85,65,22,70,6,1
2,0,94,23,33,75,6,0
16,0,49,37,66,62,1,1
16,6,28,27,38,43,6,0
11,6,76,27,65,115,2,1
13,6,91,65,63,53,4,1
20,1,62,60,14,78,6,0
5,0,73,45,44,21,3,0
2,6,92,68,28,21,3,0
8,1,56,74,64,29,3,0
4,4,15,73,86,42,4,1
23,1,25,42,78,34,9,0
16,0,81,58,53,95,4,0
13,5,27,1,87,36,4,1
20,4,61,14,47,101,4,1
2,0,57,36,71,33,7,1
0,1,52,70,31,100,5,0
19,2,48,19,82,98,2,0
20,3,58,97,49,95,7,0
22,0,21,34,35,35,3,0
0,6,19,33,14,51,1,1
2,1,80,85,63,42,9,0
17,6,64,30,95,53,5,0
9,6,10,86,58,117,1,1
21,6,58,18,12,35,1,1
2,6,45,67,47,53,1,1
7,6,30,23,23,90,9,0
13,4,46,83,56,52,8,0
23,0,33,38,23,87,6,1
17,0,64,91,84,62,6,0
14,3,34,53,82,83,6,0
21,1,16,38,47,90,4,1
22,2,90,16,73,37,5,1
1,4,80,18,53,87,3,1
9,1,80,47,79,80,3,0
1,4,33,34,74,94,7,0
16,0,20,31,34,39,5,0
7,6,82,46,25,30,8,1
0,3,21,46,24,98,5,0
8,3,44,63,90,65,4,0
10,5,72,45,12,83,3,1
21,2,77,34,76,100,2,0
15,3,66,93,46,117,3,0
6,6,22,16,90,95,7,1
9,0,32,41,64,47,8,1
22,2,92,28,47,67,5,1
2,1,48,69,72,54,1,1
17,6,97,16,10,27,3,1
23,6,89,80,80,110,4,0
12,3,21,13,99,41,4,1
6,2,43,23,28,43,1,1
3,0,80,56,61,85,9,1
12,5,84,49,39,114,4,0
19,4,40,56,64,105,2,0
0,4,71,60,23,83,9,1
7,0,22,38,22,84,4,0
13,0,40,54,93,33,4,0
15,4,11,95,99,44,6,0
13,5,24,35,36,119,8,1
11,2,66,36,98,119,5,0
18,4,84,13,18,22,8,0
22,0,43,26,50,24,1,1
14,3,77,82,57,84,4,1
1,1,84,30,21,73,1,0
1,5,38,72,19,38,3,1
22,6,75,80,15,116,7,1
21,5,25,82,43,73,1,1
18,3,48,43,61,113,5,1
21,3,86,67,50,95,1,0
21,6,46,47,92,29,6,1
16,0,90,56,15,117,9,1
19,4,30,74,11,35,3,0
9,2,53,21,24,65,6,1
5,5,28,3,26,48,4,0
14,6,80,80,25,34,6,1
21,5,17,71,37,67,2,0
10,3,86,45,94,30,4,1
4,4,75,58,81,53,7,1
0,5,50,33,19,55,6,0
7,2,84,10,19,49,9,0
20,3,97,30,19,118,7,0
11,2,79,10,82,92,1,0
11,4,70,55,37,101,6,0
4,5,35,37,33,38,3,1
6,1,80,20,28,87,8,0
3,5,92,93,77,89,1,1
5,4,79,9,65,52,2,0
12,5,38,25,76,115,3,0
19,6,75,90,51,99,3,1
14,5,28,7,21,94,7,1
2,0,77,7,27,41,8,1
22,5,67,59,32,55,9,1
7,5,79,71,93,42,7,0
19,2,66,33,15,82,8,1
15,1,46,15,62,45,6,0
12,2,70,12,51,79,2,0
17,2,39,86,75,114,1,0
9,3,80,75,39,112,3,1
18,0,82,90,18,24,9,1
16,2,34,21,51,73,7,1
23,6,74,95,43,57,2,1
18,4,15,26,49,81,1,1
22,6,27,63,97,44,2,1
4,4,19,1,26,117,3,0
20,5,20,96,38,31,6,1
22,3,74,25,59,41,9,0
8,0,86,91,85,28,8,0
11,6,93,82,58,103,9,1
20,0,74,68,82,48,8,1
0,6,61,96,70,63,7,1
0,5,76,83,92,112,6,1
14,4,91,29,55,46,8,0
1,1,87,7,55,74,6,1
21,3,40,37,26,100,2,1
15,6,26,60,75,24,9,0
7,6,64,80,14,71,9,0
12,5,45,64,63,32,3,1
20,3,35,66,25,61,9,0
0,4,62,45,90,34,2,1
15,4,26,89,16,98,3,1
6,6,95,94,17,37,6,0
4,1,34,71,81,69,4,0
21,1,11,42,96,21,8,1
22,0,95,58,91,106,1,1
2,3,14,45,47,32,6,1
11,3,13,71,63,87,2,0
15,4,45,34,85,66,6,0
18,0,15,38,24,108,1,1
4,5,30,91,59,94,2,1
21,3,86,50,65,69,9,0
13,0,98,3,18,31,6,1
4,0,35,79,17,32,8,0
14,6,64,76,28,28,7,1
16,4,48,83,60,78,9,0
13,0,93,50,81,64,9,1
19,1,42,4,66,89,4,1
4,1,23,54,77,62,7,1
11,2,65,19,40,93,5,0
15,4,90,23,12,42,7,1
15,6,30,35,92,98,4,1
20,5,55,33,52,64,1,1
6,2,25,53,38,42,4,1
3,1,25,33,19,53,3,1
0,6,93,82,21,35,9,1
4,2,38,16,55,82,5,0
22,4,17,4,39,70,4,0
9,6,97,88,91,51,8,1
21,4,12,17,97,57,5,1
4,0,98,54,41,75,3,0
3,3,28,52,82,88,2,0
1,0,75,49,56,36,8,1
19,4,88,71,97,105,2,0
9,6,95,90,72,58,8,1
18,1,83,78,35,60,5,1
0,5,91,44,12,67,8,0
23,1,31,12,32,101,5,1
4,6,55,15,84,47,1,1
12,0,22,85,83,96,2,1
3,5,42,83,59,69,6,1
15,6,14,12,45,20,3,0
23,4,99,19,22,69,8,0
15,1,86,65,38,38,5,0
22,4,36,98,47,117,3,1
1,5,87,46,86,78,7,0
16,5,33,18,99,87,8,0
19,1,76,44,93,86,4,0
23,4,72,36,14,60,9,1
11,2,57,53,29,29,6,1
17,4,72,5,87,47,1,1
2,5,87,13,23,53,5,1
0,4,21,3,17,58,5,1
0,6,37,85,57,102,7,0
18,0,53,54,22,75,7,0
10,2,52,99,33,71,6,0
4,3,26,33,88,119,8,1
11,6,49,26,74,22,2,0
2,0,58,6,95,42,7,0
0,3,94,2,43,36,7,1
0,1,66,46,60,90,4,1
7,3,96,96,12,45,2,1
9,6,93,1,99,37,4,1
10,4,73,79,87,65,4,0
11,6,84,24,67,89,6,1
12,3,66,59,81,50,7,1
11,5,83,78,64,112,3,1
13,0,83,23,89,28,1,0
1,0,79,14,51,54,3,0
18,3,97,94,30,100,9,0
17,0,85,13,19,79,1,0
2,5,52,53,66,95,8,0
22,6,32,77,34,82,2,1
16,0,36,5,65,119,6,1
7,3,67,77,47,71,3,1
9,2,46,80,95,67,7,0
1,2,15,17,70,80,2,1
18,1,74,19,56,43,4,0
8,0,15,61,63,93,9,0
6,6,59,80,55,77,6,1
3,3,31,79,77,83,4,1
20,0,97,39,13,49,2,1
17,4,34,38,75,48,9,1
12,5,88,51,52,29,4,0
10,0,99,31,71,58,9,0
23,0,81,72,94,74,2,0
3,2,60,26,94,47,7,1
20,5,97,51,94,37,5,0
3,3,57,96,13,60,8,1
9,0,79,62,74,100,8,0
4,2,74,73,71,94,4,1
8,1,69,62,99,84,4,0
23,5,55,16,11,100,8,1
2,2,45,48,18,119,3,1
16,2,67,99,66,119,7,0
2,6,85,80,54,65,8,1
15,2,47,81,27,79,8,0
3,6,20,22,57,28,4,1
17,0,21,97,51,64,9,0
16,0,51,71,50,79,4,1
6,1,48,12,84,47,8,0
23,4,80,22,98,116,6,0
22,4,20,56,99,22,5,0
4,4,45,61,67,70,4,0
11,6,61,53,51,27,5,1
16,5,40,19,44,89,1,1
22,5,42,85,47,78,7,0
12,1,22,51,76,80,8,0
22,5,27,22,50,77,9,1
2,4,50,34,59,89,3,0
8,4,67,66,95,112,9,0
16,2,65,33,81,31,5,0
16,5,33,32,88,28,6,1
19,0,82,45,54,68,1,0
15,0,40,80,80,102,9,1
21,2,64,44,28,36,9,1
12,2,19,18,26,73,6,1
18,2,69,93,74,63,8,0
16,0,11,86,86,51,4,0
3,4,24,14,65,54,5,0
11,2,12,77,50,97,5,1
8,1,52,65,51,68,7,0
18,6,40,38,15,73,7,0
11,2,79,17,78,35,7,1
8,6,76,69,84,104,5,1
6,3,65,58,82,31,4,1
13,2,72,31,49,107,8,0
19,0,84,20,50,117,1,0
18,5,24,39,18,27,1,0
14,2,19,91,17,40,6,1
15,5,47,26,53,67,2,0
20,3,56,1,67,27,3,1
4,1,66,96,76,47,4,0
2,5,59,79,22,99,2,0
11,6,80,38,28,29,7,0
19,4,24,85,58,71,1,0
20,2,27,55,89,34,3,0
3,3,91,12,91,23,2,1
20,3,97,55,87,109,9,1
22,5,11,65,39,98,8,0
15,1,93,77,75,119,3,0
6,0,52,55,86,115,5,1
12,2,35,27,68,81,3,0
20,3,80,63,62,23,6,1
9,1,47,70,61,60,5,0
6,4,51,81,90,92,2,0
13,3,14,63,40,118,8,1
4,1,20,55,24,74,6,1
2,0,74,40,29,47,3,0
22,0,43,99,14,66,1,1
10,3,10,40,16,28,5,1
10,6,92,99,27,21,2,0
17,3,11,3,65,86,2,0
14,5,94,56,84,67,9,0
11,2,29,29,99,88,7,0
8,1,70,87,54,93,6,1
9,3,96,83,37,47,1,0
11,2,30,45,59,98,2,0
16,5,97,55,11,33,7,1
5,2,77,30,93,65,3,1
6,3,21,87,77,106,2,0
13,0,31,6,86,32,6,0
12,1,29,89,33,35,8,1
7,1,91,76,57,113,8,0
9,0,10,53,54,59,2,1
8,6,39,7,67,91,6,1
17,3,33,54,45,100,5,1
1,1,23,68,11,49,7,0
4,3,45,43,27,100,4,0
4,5,78,12,58,118,2,1
5,3,84,92,17,84,3,0
18,2,33,19,67,77,9,1
7,0,69,77,24,107,8,0
15,6,64,31,26,67,9,0
12,3,86,59,32,68,5,1
0,6,89,49,75,108,5,0
21,6,33,26,79,21,7,0
19,5,86,24,36,108,7,0
16,4,33,51,46,33,1,1
6,0,63,67,58,116,5,0
12,6,35,20,73,36,8,1
3,1,75,17,43,50,7,0
3,2,89,38,27,29,2,0
5,1,47,14,73,89,8,0
18,5,74,52,83,108,2,1
11,5,84,37,53,56,1,1
21,1,60,47,26,83,3,1
6,0,44,51,68,49,3,0
9,1,52,87,22,53,6,0
18,3,38,71,61,37,3,0
6,1,46,27,69,107,7,1
2,2,90,84,51,82,8,0
12,2,67,15,73,68,3,0
12,4,63,15,75,75,9,1
17,2,48,34,43,110,1,0
19,1,51,16,96,77,3,1
7,2,37,72,80,46,3,0
8,0,38,98,73,74,7,0
6,6,52,51,42,104,5,0
0,2,12,92,21,38,4,0
2,3,19,81,85,42,2,0
12,0,68,11,28,66,7,1
16,4,23,82,18,98,3,0
23,3,85,47,83,85,7,0
0,1,56,21,26,118,7,1
5,6,51,48,59,70,2,1
20,1,41,51,48,103,7,1
5,6,41,78,50,47,6,0
11,6,51,0,19,76,4,1
12,1,41,65,21,77,5,1
12,3,35,63,88,34,8,1
14,3,10,7,24,35,5,1
20,6,65,85,37,116,3,0
15,3,11,24,13,66,2,1
21,6,90,65,45,82,6,1
20,6,39,72,74,31,6,0
10,0,80,72,56,62,7,0
4,5,61,76,90,103,8,1
3,0,18,69,48,48,4,0
2,1,31,93,47,68,8,1
18,5,43,78,53,22,1,0
19,2,58,50,60,88,6,0
17,1,10,52,94,79,6,1
14,4,82,14,35,85,3,0
8,0,93,49,45,106,9,0
16,3,62,70,78,109,5,1
13,0,92,74,10,45,1,1
14,3,49,37,62,90,7,0
0,5,54,39,15,93,3,0
20,4,77,65,46,88,4,1
21,5,18,38,11,66,6,0
21,4,31,73,78,95,8,1
2,0,27,16,99,115,4,0
15,3,85,6,50,61,9,0
22,5,52,38,60,50,8,1
10,4,48,67,56,41,6,1
11,6,82,34,22,36,7,0
9,1,15,50,85,103,8,0
15,1,92,46,78,39,2,0
7,5,57,35,75,27,5,0
5,3,16,63,68,117,7,1
11,6,89,94,77,68,8,0
23,5,78,88,68,106,5,0
20,0,25,12,19,57,3,1
7,4,10,17,22,72,6,1
3,0,46,20,11,47,5,1
7,1,92,64,99,96,8,0
17,4,46,99,24,48,9,1
4,5,90,7,55,91,9,1
8,0,73,47,66,30,6,0
3,2,99,84,19,66,4,1
21,3,95,42,31,64,4,1
16,6,71,52,98,37,9,0
8,6,81,84,88,69,4,1
0,3,70,26,86,108,8,0
20,2,42,18,17,68,9,1
19,1,75,22,30,41,5,1
12,4,39,49,94,64,6,1
15,3,29,50,31,80,3,0
12,2,69,42,54,118,5,1
13,5,91,98,49,112,5,1
2,6,83,50,31,40,2,1
5,2,33,68,39,90,6,1
17,1,13,40,71,80,9,0
18,1,46,71,82,95,7,1
4,0,13,10,54,55,8,1
14,3,86,79,44,43,2,1
1,0,98,87,91,51,9,1
9,6,86,84,51,110,3,0
23,2,27,51,14,115,5,0
17,4,97,22,36,78,7,0
12,4,75,48,79,115,4,1
4,1,57,37,71,115,7,0
22,4,42,46,41,109,8,0
23,4,67,71,17,94,4,0
0,6,92,6,94,101,5,1
21,4,82,65,27,24,3,1
0,2,37,93,87,35,5,0
17,4,44,76,24,30,8,1
14,5,19,61,35,54,3,1
16,4,74,86,62,94,5,1
10,4,51,28,53,61,1,0
20,0,94,37,41,106,2,1
21,2,18,83,37,117,3,1
16,1,69,32,48,100,1,0
12,0,24,28,41,29,9,1
0,3,66,78,86,101,9,1
1,2,78,22,88,27,5,0
8,5,31,2,27,45,4,0
2,2,73,92,79,22,5,1
0,3,50,44,20,78,4,1
20,3,96,7,41,107,5,1
15,3,80,85,29,22,7,0
22,6,65,28,49,57,8,0
5,1,32,1,17,21,2,1
16,4,34,49,44,118,4,1
4,2,15,64,78,36,8,1
4,6,43,19,87,92,7,1
5,4,72,51,30,55,9,0
2,4,18,84,33,105,5,1
20,5,69,36,26,114,6,0
22,3,58,71,27,117,8,0
4,1,60,26,21,107,5,0
20,5,69,46,25,92,9,1
4,0,79,98,13,21,4,0
9,6,46,5,98,104,8,0
9,6,40,59,43,53,3,1
18,1,50,44,55,46,5,1
16,4,71,43,84,56,8,0
20,6,67,82,86,90,7,1
13,1,23,17,40,41,1,0
8,6,45,64,34,87,4,1
13,6,45,24,83,33,2,0
0,3,88,26,33,117,2,0
18,0,17,6,74,42,7,1
12,3,35,43,34,63,3,1
12,0,45,28,37,108,3,1
3,6,57,94,45,84,6,0
0,5,94,43,91,98,6,0
16,4,37,35,15,115,1,1
7,6,77,18,75,97,1,0
1,0,71,5,76,80,6,1
7,0,89,24,81,104,7,0
6,0,95,30,57,74,9,0
1,6,85,8,92,90,4,1
21,1,89,83,79,119,6,1
21,5,60,73,87,104,3,0
2,1,51,36,76,69,4,0
17,4,38,26,57,31,9,0
11,6,91,12,74,98,1,0
0,0,19,40,53,34,5,1
21,5,48,65,72,36,7,1
11,5,91,84,55,53,3,1
4,2,10,96,28,54,2,0
16,4,48,23,73,58,2,0
15,5,30,43,92,97,1,0
14,6,74,97,82,74,5,0
22,0,24,59,80,78,3,1
14,0,13,8,59,24,7,1
4,5,69,1,72,49,1,1
20,1,70,55,50,23,9,0
13,4,29,29,16,34,2,1
1,0,19,21,18,54,8,1
10,5,96,74,13,93,4,1
18,0,43,80,98,74,6,1
6,5,57,99,58,85,9,0
5,4,42,12,85,79,7,0
1,5,70,70,15,43,8,1
5,2,19,15,91,111,7,1
17,5,63,96,30,41,2,1
1,5,93,44,24,63,9,1
17,6,74,64,76,51,1,1
14,4,86,10,75,114,2,0
18,6,10,69,65,102,3,1
1,5,14,19,77,70,3,1
19,4,89,98,41,104,4,1
5,2,24,62,75,22,5,0
0,4,37,89,38,89,6,0
23,0,32,11,75,51,1,0
14,6,26,61,43,21,8,0
22,4,22,93,36,107,6,0
9,2,23,91,69,78,9,1
18,3,20,90,48,110,5,1
16,5,37,41,53,92,7,0
4,4,51,82,91,96,4,0
3,5,70,68,45,33,6,0
9,1,73,57,28,70,6,1
23,0,40,4,54,30,4,0
16,6,90,26,93,97,6,0
9,0,82,27,30,99,8,0
16,1,19,25,32,29,5,1
19,1,17,90,98,103,2,0
23,6,30,48,36,99,9,1
4,4,86,20,81,77,4,1
1,1,68,0,28,53,4,1
5,3,59,91,50,99,7,1
20,5,78,57,35,97,6,1
1,5,79,78,37,72,4,0
12,2,39,54,73,47,6,1
10,1,26,80,77,37,3,1
10,1,84,25,89,45,7,1
15,3,29,83,60,26,6,0
10,0,57,24,83,64,3,1
18,0,82,76,57,117,1,1
14,5,11,32,19,64,5,1
22,5,46,88,82,90,2,0
22,4,10,71,48,116,7,1
15,6,13,68,28,54,7,1
10,3,63,5,73,71,4,1
21,6,34,22,28,40,6,1
15,6,12,29,85,47,1,1
7,2,18,77,71,115,2,1
3,6,95,53,22,63,6,1
7,2,96,86,34,99,2,0
3,6,85,10,98,75,4,0
23,3,83,30,51,29,4,0
2,2,43,5,48,42,9,1
2,0,52,10,39,67,7,0
17,2,83,76,14,71,7,1
18,2,31,11,90,34,1,0
18,3,79,65,27,74,5,0
20,3,11,52,30,62,3,1
4,2,75,98,95,69,3,1
17,1,41,35,59,25,6,1
9,3,25,16,15,52,4,1
21,4,85,27,59,81,8,1
20,4,10,91,89,74,4,0
5,0,81,21,75,58,8,1
0,6,57,6,10,31,4,0
4,2,59,14,66,119,3,0
8,1,22,95,39,50,5,1
11,0,24,10,67,93,5,0
13,2,62,23,61,72,1,0
1,3,53,66,46,53,8,1
16,4,17,29,57,60,8,1
13,5,83,69,96,29,8,0
12,1,55,65,10,71,4,0
8,5,78,60,28,94,9,0
14,4,28,77,55,76,3,1
21,6,47,40,76,97,7,1
14,6,20,81,11,22,6,1
23,5,52,50,65,76,9,0
10,3,29,43,26,52,4,1
15,2,29,94,91,26,4,1
16,3,30,12,88,23,6,0
3,5,91,89,31,58,8,0
0,3,66,11,36,67,3,0
7,4,59,81,64,93,8,1
16,1,83,8,41,98,8,1
2,3,35,84,69,35,7,1
19,4,39,47,92,57,7,1
14,1,82,48,37,23,5,1
14,6,40,52,37,23,2,1
23,2,51,55,83,119,2,1
21,5,77,39,93,46,8,0
13,6,70,23,34,105,6,1
22,2,70,97,94,105,8,1
13,6,79,71,87,36,3,0
23,0,87,32,95,117,1,0
1,6,77,22,35,115,6,0
12,4,99,76,84,89,2,0
13,1,26,53,80,73,9,1
23,6,28,52,26,116,5,1
18,3,60,48,91,27,5,0
6,2,79,77,16,72,8,0
2,6,72,77,65,119,6,1
14,1,84,79,73,24,3,0
22,4,89,48,29,88,9,0
13,0,39,59,47,66,4,1
10,2,34,89,84,93,4,0
14,5,84,89,67,59,2,1
12,1,80,64,25,26,3,0
17,5,35,31,60,31,4,1
5,1,65,78,36,113,7,0
2,1,31,20,60,44,3,1
18,4,98,17,84,47,8,1
14,4,28,93,25,62,8,0
22,4,40,59,96,96,2,0
4,6,35,12,69,66,4,0
9,3,51,23,85,68,8,0
6,1,50,29,49,105,1,0
16,2,32,1,76,73,1,1
6,5,56,82,11,37,4,1
21,4,22,24,57,46,2,1
11,6,98,49,61,91,1,1
16,4,75,13,33,25,8,0
12,5,75,5,93,94,2,1
19,5,25,75,91,112,4,1
3,1,82,83,87,88,3,1
9,4,37,86,91,90,2,0
2,5,86,29,11,41,8,0
8,3,44,29,74,78,3,1
12,3,50,37,29,66,9,0
17,4,86,57,43,87,5,1
14,6,40,93,50,51,9,0
3,5,94,40,50,102,3,0
14,1,41,93,84,116,5,0
21,1,63,56,32,20,6,1
1,6,81,35,47,73,9,0
14,1,68,63,53,65,8,1
7,0,50,97,76,60,2,0
7,4,75,15,71,60,2,1
16,1,63,87,21,27,5,1
11,3,49,77,39,51,5,1
18,5,37,89,96,49,5,1
9,2,46,71,74,65,4,1
8,6,74,13,50,111,8,1
4,2,83,30,29,71,5,0
5,1,64,65,15,115,1,1
19,2,13,67,84,108,5,0
1,2,19,64,13,117,1,1
23,0,56,54,19,80,4,1
12,3,84,83,60,116,1,0
5,6,23,77,47,32,6,1
4,3,47,39,10,108,6,0
0,0,21,24,17,59,1,1
20,0,54,24,90,80,8,0
21,2,26,2,92,63,4,0
20,4,89,68,72,81,2,1
5,5,44,25,42,63,1,0
5,5,75,39,24,67,3,0
22,2,84,37,40,93,7,1
15,5,50,37,30,78,8,1
3,0,76,67,12,76,5,1
10,3,38,6,75,114,7,0
23,5,27,93,44,30,2,0
22,6,29,29,50,44,4,0
8,2,23,18,68,80,6,1
22,4,43,34,25,65,5,1
2,2,58,32,65,73,6,0
18,1,63,32,54,53,2,1
7,2,40,77,68,103,7,1
4,0,67,37,59,26,8,1
3,3,51,9,94,116,9,1
23,3,67,56,21,81,6,1
5,6,91,27,21,76,7,0
1,5,39,77,42,118,1,0
19,0,34,99,93,112,9,1
10,1,72,37,58,95,6,1
3,0,28,15,30,24,4,0
14,2,81,20,69,95,9,0
5,0,17,91,61,112,1,0
21,0,12,96,63,54,2,0
16,6,76,5,48,103,3,0
23,1,95,40,58,56,1,1
5,2,90,14,73,79,2,0
18,4,26,2,95,84,2,0
1,6,23,42,35,35,7,0
14,4,18,46,80,49,6,0
10,6,71,98,16,92,9,1
7,3,30,13,81,61,5,1
18,6,85,65,71,80,9,0
12,5,46,28,99,93,9,0
11,0,20,3,97,96,2,1
4,3,29,25,33,67,9,0
5,1,44,11,49,81,3,0
21,4,62,1,85,103,3,1
3,6,56,16,56,112,9,1
18,0,84,34,17,83,7,0
19,1,61,9,63,76,8,0
0,5,17,85,18,87,7,1
19,1,13,42,12,65,9,1
16,0,36,20,63,47,8,1
11,5,53,14,30,96,4,0
14,1,49,34,57,22,2,0
0,5,56,84,56,56,5,0
13,6,53,84,97,67,2,1
5,6,57,84,77,38,4,0
4,0,94,59,93,111,2,1
10,0,61,43,72,102,5,0
3,5,93,95,25,36,6,1
12,2,77,4,83,101,1,0
10,3,20,72,99,101,8,1
2,1,86,17,14,106,2,1
0,1,82,20,20,59,5,1
5,2,13,71,38,69,8,1
17,2,85,97,88,92,5,0
23,2,82,73,79,48,3,1
9,4,86,50,57,70,6,0
4,4,57,40,24,61,1,0
22,5,35,23,93,48,1,1
9,4,86,23,43,85,8,1
11,6,48,95,69,36,7,0
1,6,67,96,71,50,3,0
12,0,28,37,11,111,8,0
7,5,97,43,89,71,8,0
1,1,92,56,28,58,1,0
19,3,86,58,58,79,7,0
0,0,86,33,87,113,2,0
4,1,67,74,97,118,2,1
8,1,37,94,37,70,2,0
16,5,75,81,57,103,5,0
8,2,19,22,46,35,7,1
10,2,95,85,83,117,4,0
14,0,86,42,58,33,4,0
23,2,67,81,57,109,9,1
5,1,82,39,82,103,9,0
22,2,23,46,97,61,7,0
2,4,93,40,38,70,4,1
16,2,24,46,69,43,8,1
4,1,42,19,38,101,3,0
11,5,26,76,67,62,3,1
17,0,33,64,57,92,7,1
13,3,39,67,32,38,9,0
20,2,71,23,36,103,4,1
23,6,22,99,16,80,4,1
10,6,71,35,58,113,1,0
8,1,56,44,63,82,1,0
1,3,25,1,77,45,3,1
11,3,75,27,87,114,7,1
2,4,90,25,51,54,9,0
2,3,52,22,83,86,4,0
0,6,17,78,68,75,2,1
7,5,12,35,53,59,6,0
21,1,21,90,35,48,6,0
7,1,93,5,32,25,9,1
10,2,25,34,82,71,4,1
8,2,87,37,17,20,8,0
4,2,89,34,62,71,3,0
13,6,68,99,23,43,2,1
2,6,58,73,80,53,9,0
20,6,72,93,16,26,6,1
4,6,71,52,18,94,8,0
4,6,58,37,12,30,9,0
18,6,60,92,87,55,1,0
13,5,42,58,26,39,1,1
3,6,39,42,53,82,5,1
12,3,68,3,95,99,9,0
9,3,85,4,55,82,7,0
17,4,24,67,99,88,7,1
7,5,91,99,67,107,2,1
7,2,32,44,37,49,3,0
6,0,87,79,23,49,4,1
7,6,54,24,18,116,2,1
13,4,71,77,35,103,9,0
18,0,88,10,11,41,5,0
5,3,80,28,84,80,7,1
0,4,24,33,90,40,9,1
22,4,55,85,43,56,5,0
14,1,73,13,28,46,6,1
0,3,55,23,48,54,4,0
16,3,65,58,91,57,8,0
0,5,53,38,22,79,1,1
14,4,84,25,14,89,1,0
22,6,38,42,59,51,5,0
1,3,71,35,32,99,9,0
13,4,98,38,97,111,2,0
20,5,61,60,38,99,3,0
7,6,63,15,81,46,8,1
7,5,97,58,35,22,5,0
18,1,66,95,88,68,3,0
6,6,92,5,66,104,6,0
18,4,75,97,10,49,6,1
5,3,31,55,37,41,5,0
5,3,29,7,71,38,5,0
2,4,42,93,56,50,6,0
6,4,81,26,87,39,2,0
18,4,34,70,68,38,6,1
7,2,55,26,40,21,2,1
9,6,82,88,79,59,3,0
19,3,66,45,58,58,2,1
14,6,96,40,14,110,1,1
14,5,14,78,40,91,1,1
0,3,64,24,46,73,9,0
19,2,70,85,88,46,4,0
6,4,98,17,24,98,5,0
3,1,17,11,61,31,7,0
5,4,25,86,78,97,2,0
0,4,57,50,20,90,9,0
4,2,70,38,52,36,4,1
22,6,24,88,79,109,1,1
0,3,74,9,32,103,8,1
3,4,31,93,49,29,4,1
21,3,12,73,72,38,7,1
1,0,63,97,11,101,3,0
9,5,23,76,88,49,9,0
4,6,45,53,96,49,5,1
9,3,91,28,95,44,5,0
0,1,91,40,82,107,3,0
21,5,76,8,56,93,9,0
5,1,19,62,39,85,3,0
12,4,58,76,25,115,2,0
14,5,74,36,68,54,9,1
3,3,66,13,56,70,9,1
12,5,36,72,39,90,4,1
23,4,84,71,18,90,4,0
19,2,14,38,74,46,6,0
23,6,80,39,68,29,9,0
14,1,92,53,73,116,8,0
7,4,66,2,17,62,3,1
4,2,24,54,61,74,6,0
14,5,85,32,27,90,7,1
3,5,39,95,91,25,6,1
11,4,29,70,67,25,3,1
12,3,46,18,58,96,9,1
1,5,12,33,41,67,4,0
18,3,82,77,57,96,2,0
18,3,50,49,54,21,9,1
3,6,48,46,63,102,3,0
3,3,35,45,94,70,6,0
10,0,11,55,55,80,5,0
4,6,32,56,40,38,2,1
19,2,32,82,46,21,1,1
10,2,94,50,25,70,9,1
9,5,25,53,55,45,3,1
7,5,18,89,55,89,7,1
5,3,22,80,87,39,9,1
5,6,37,27,97,42,9,1
7,6,36,18,98,73,6,0
22,0,60,26,70,34,8,1
14,3,73,47,55,25,9,0
13,0,61,18,60,111,3,1
10,3,90,96,71,54,6,0
11,1,47,50,44,94,5,0
12,1,74,6,90,27,7,0
7,4,27,28,51,76,7,0
17,3,72,42,54,69,9,1
0,6,60,68,77,68,1,1
14,5,18,93,84,107,6,1
7,2,22,57,56,40,5,1
10,4,49,7,88,55,4,1
11,5,64,41,39,90,1,1
11,1,88,75,33,88,4,1
3,3,52,41,75,77,7,1
15,4,53,12,52,82,4,1
3,3,77,25,43,112,1,1
4,1,42,17,32,35,1,1
23,4,33,41,70,25,1,0
4,1,45,50,46,97,5,0
7,0,19,83,22,71,7,0
9,1,29,15,80,21,9,0
16,6,84,2,16,108,8,0
8,6,21,90,51,114,2,1
21,3,71,78,47,96,9,1
18,2,27,97,61,37,4,0
13,1,72,44,53,100,5,1
7,5,93,21,73,111,5,0
8,6,34,22,22,95,4,1
21,2,21,58,97,54,6,1
10,0,30,61,37,105,1,0
22,4,34,67,91,58,2,0
0,4,20,53,10,20,4,0
13,6,73,56,52,56,4,1
4,2,82,22,51,40,8,0
20,6,59,59,59,20,9,1
13,4,71,72,69,23,4,1
3,1,98,87,10,115,6,1
21,2,58,84,60,77,4,1
22,3,23,54,25,20,4,0
0,1,10,79,48,32,9,0
21,1,90,62,24,65,4,0
22,1,34,55,42,66,6,0
18,3,68,54,96,100,9,1
7,0,81,24,62,95,3,0
14,5,78,25,26,26,7,0
20,6,14,48,98,70,7,0
14,4,28,62,15,22,1,0
8,6,32,44,40,69,2,1
20,2,18,72,78,45,5,1
8,0,59,78,49,50,8,1
9,2,25,38,39,119,6,1
19,6,42,96,78,81,7,0
20,4,11,64,85,45,3,1
8,3,23,68,16,86,6,0
2,6,10,55,22,74,9,0
19,1,99,8,13,47,3,0
10,6,67,69,59,63,6,0
5,1,98,27,12,100,7,1
1,3,25,44,21,57,5,1
6,6,88,25,74,49,8,0
17,0,99,27,36,85,8,1
1,0,56,39,59,27,6,1
16,2,53,14,86,33,7,0
10,3,89,5,26,118,3,0
11,0,23,26,81,81,7,1
18,6,33,37,41,94,7,0
21,3,64,67,93,82,4,1
23,4,24,74,60,98,4,0
6,1,92,84,26,85,3,0
19,6,81,63,43,115,7,0
5,1,43,29,44,59,5,0
20,1,11,81,33,32,3,1
23,3,36,98,63,36,6,1
0,3,83,2,27,34,6,1
16,2,96,61,59,52,6,1
10,1,81,11,55,35,2,0
21,2,32,90,57,32,7,0
17,1,77,29,42,105,7,1
20,2,23,84,96,42,4,1
16,2,72,37,98,55,6,1
6,4,74,84,36,62,4,1
16,2,77,59,10,69,4,1
19,3,72,37,94,93,6,0
8,2,99,14,68,100,9,1
16,1,90,17,19,113,7,1
19,2,96,51,34,32,2,0
21,0,73,28,93,49,6,0
21,5,41,59,66,76,5,1
7,1,88,20,75,49,6,1
16,0,22,16,24,90,8,1
6,1,75,17,37,29,8,0
0,3,28,56,22,118,3,1
12,5,33,36,23,85,9,1
22,5,97,59,75,113,6,0
18,3,20,37,43,102,7,0
23,5,68,11,34,58,9,0
18,3,95,74,63,56,7,0
16,0,24,83,88,22,9,1
12,4,19,72,21,108,1,0
15,1,50,0,18,53,1,0
7,3,36,57,40,105,3,0
18,1,69,2,87,57,9,1
17,0,82,62,62,33,1,0
0,4,61,20,52,83,1,1
13,0,37,22,47,58,5,0
18,5,74,8,51,73,8,1
14,1,26,82,81,21,2,1
17,6,53,54,57,115,4,1
1,4,19,18,76,62,6,0
21,5,72,61,75,72,1,1
16,4,91,86,25,22,4,0
17,5,56,90,92,60,4,0
5,0,47,90,25,27,9,1
18,3,79,38,40,109,9,0
3,1,85,99,67,115,6,1
0,2,62,75,37,94,8,0
7,2,87,26,13,82,4,1
22,0,53,45,19,84,8,0
6,1,83,33,60,98,3,1
2,1,63,32,27,23,2,0
9,0,29,91,56,87,6,0
9,1,88,94,41,111,5,1
18,3,40,95,39,29,8,0
13,0,16,49,45,94,1,0
1,3,67,19,18,69,3,1
0,1,19,39,45,42,7,1
22,0,19,98,38,80,4,1
22,1,48,94,25,66,5,1
17,0,37,57,30,22,8,1
6,1,39,30,73,36,1,0
7,3,46,37,75,41,1,1
0,6,76,85,68,110,7,0
22,3,52,44,37,35,9,0
2,1,88,40,64,99,4,0
23,0,94,8,40,22,8,0
22,2,61,8,42,71,7,0
7,3,65,62,96,52,2,1
21,3,85,78,69,61,5,1
14,5,77,76,50,21,9,1
4,2,18,21,90,58,9,1
2,1,32,15,55,65,3,1
18,6,72,31,58,67,3,1
0,0,70,65,74,46,2,0
14,5,49,89,51,34,7,1
7,1,53,13,32,26,6,1
1,4,95,37,36,76,5,1
2,6,33,97,98,61,7,1
23,3,60,7,41,28,4,1
13,4,67,99,92,25,5,0
23,3,99,20,97,76,9,0
13,3,42,55,12,95,9,0
10,4,25,45,69,49,4,1
15,6,31,42,85,74,6,1
3,4,66,91,88,103,2,1
19,1,71,45,26,103,3,0
4,5,91,47,41,73,9,0
21,5,80,69,16,46,6,1
20,4,99,83,92,103,8,1
13,1,81,30,80,78,5,0
22,5,79,32,78,26,2,0
15,1,39,43,67,59,7,0
17,1,32,70,49,113,6,1
6,3,41,7,94,91,2,0
9,5,95,72,57,21,6,1
6,5,66,1,60,33,8,1
0,3,18,16,66,29,1,1
22,4,40,51,80,69,4,0
20,3,80,44,46,37,1,0
18,5,18,36,96,37,2,0
15,5,22,41,84,35,1,0
18,6,67,43,83,71,6,1
3,4,12,80,94,88,6,1
17,3,44,37,64,71,1,1
1,0,30,98,50,50,4,1
0,0,73,93,29,103,4,0
14,4,61,5,42,42,8,1
4,3,43,67,49,115,6,0
19,3,44,50,43,61,2,1
10,1,24,34,71,100,5,0
9,5,15,57,28,81,4,1
1,2,94,56,52,96,4,1
2,6,41,72,78,69,8,0
22,4,61,5,72,96,5,1
22,2,92,12,19,100,3,0
11,2,37,58,22,34,4,1
19,4,94,85,14,109,1,0
4,3,73,91,67,63,6,0
4,4,88,29,68,111,4,0
5,2,87,99,85,61,6,0
8,5,28,1,68,64,2,1
1,6,24,57,86,113,5,0
20,6,15,35,95,54,9,0
11,5,82,71,24,41,8,0
2,5,93,44,86,93,3,0
19,3,47,8,10,94,1,1
21,0,35,64,47,57,3,0
11,4,91,76,62,116,8,1
23,6,60,49,61,89,3,1
16,5,82,78,10,83,5,0
9,4,62,31,20,26,2,0
23,6,65,97,67,63,1,0
13,5,68,42,49,95,5,0
22,6,79,94,95,26,5,1
16,3,87,77,69,85,6,1
17,0,67,53,53,79,2,0
18,0,97,46,15,20,9,0
16,5,22,13,37,81,2,1
13,6,52,47,40,106,2,1
8,3,85,54,17,108,5,0
7,1,60,28,14,37,9,0
1,4,28,46,63,26,4,0
12,4,30,62,26,73,6,0
6,2,92,18,47,86,2,0
8,3,33,90,18,112,4,0
21,6,35,8,83,29,9,1
21,2,54,36,93,80,2,1
10,5,37,91,87,78,1,1
13,6,91,51,23,78,4,1
3,2,38,56,35,88,4,0
12,0,26,87,71,82,1,0
1,4,77,27,34,117,4,1
22,6,53,35,89,27,3,0
4,2,70,63,45,97,2,0
10,0,77,17,89,74,4,0
5,3,83,88,42,25,8,1
17,2,34,34,12,20,7,1
20,5,76,67,96,75,9,1
9,5,11,77,20,116,8,1
3,5,98,38,67,94,1,1
8,6,58,89,73,107,2,1
5,4,79,7,27,29,2,1
1,2,35,87,56,42,8,0
16,3,81,79,53,35,4,1
4,2,36,83,68,35,9,0
5,4,98,14,59,75,2,0
11,0,27,6,78,114,4,1
22,4,63,16,97,25,1,0
20,5,10,85,38,49,3,0
9,6,70,85,99,82,6,1
21,0,12,63,76,20,9,0
20,6,77,11,11,70,1,1
5,5,50,81,34,108,5,0
7,1,46,55,28,65,2,0
1,4,60,45,49,40,7,0
11,4,24,46,11,118,4,0
12,3,17,78,92,57,5,1
20,2,47,15,74,88,8,1
6,0,92,68,71,82,2,1
9,6,65,1,63,69,3,0
12,0,56,91,54,31,5,0
16,3,99,53,58,88,4,0
20,3,19,26,78,92,5,0
13,6,87,30,47,63,3,1
1,2,58,40,13,71,9,0
21,6,50,35,26,28,8,1
10,6,92,46,62,118,6,0
0,5,39,42,94,84,1,0
18,2,14,64,62,29,4,1
20,4,80,49,40,65,7,1
3,5,92,92,31,119,5,1
18,1,40,0,20,77,4,1
20,2,61,71,43,56,9,0
10,3,97,56,24,71,8,1
7,5,32,15,19,118,3,1
10,2,57,27,62,100,6,0
3,0,49,85,57,32,4,0
16,6,15,81,40,25,7,0
6,1,47,21,46,77,1,0
7,4,50,40,37,67,1,1
2,6,36,75,40,51,6,1
21,0,84,18,79,30,7,0
1,0,78,88,23,100,9,1
22,1,66,49,96,24,7,1
14,4,26,58,25,25,9,0
23,3,80,68,34,93,9,1
21,5,56,33,48,116,8,1
21,4,88,38,75,113,7,0
4,2,22,73,47,40,3,1
23,0,20,6,50,61,3,1
0,2,99,51,49,100,5,0
3,3,95,59,73,46,7,1
14,2,33,51,98,22,7,0
19,4,82,78,25,79,1,0
18,2,13,23,91,112,8,0
2,3,55,25,86,85,1,0
19,3,27,89,68,112,4,0
10,3,52,89,20,68,2,0
16,4,89,9,10,119,5,1
12,3,42,16,22,53,6,0
10,0,19,77,39,56,4,1
1,6,82,1,78,61,4,0
8,3,68,76,27,84,7,0
1,2,40,26,87,79,4,0
20,5,37,72,22,109,2,1
8,2,69,70,41,20,4,1
8,5,12,47,80,78,7,0
7,2,64,73,81,23,1,1
16,4,23,8,59,33,4,0
0,2,67,85,80,37,6,0
10,4,98,22,89,53,8,1
7,4,24,70,40,20,8,0
9,3,11,72,60,72,9,0
6,0,33,26,36,41,5,1
2,5,87,87,69,99,2,0
2,3,73,92,42,80,3,0
17,3,80,80,62,41,2,1
4,6,33,83,81,69,9,1
11,4,36,70,42,35,6,0
11,4,46,42,50,47,1,0
18,5,48,6,28,111,3,1
5,2,72,91,94,105,7,1
1,2,88,82,50,89,7,0
11,3,35,62,94,108,5,1
18,1,74,83,98,61,3,1
4,1,13,43,51,85,7,1
11,2,38,38,32,90,5,0
16,1,10,39,84,100,6,0
16,6,59,6,42,54,3,0
9,2,95,69,29,39,6,0
22,4,20,24,34,21,7,0
16,3,83,58,99,26,8,1
14,0,68,12,61,115,2,1
11,3,71,85,21,68,2,1
15,2,90,80,41,102,6,0
23,6,45,85,42,95,8,0
18,2,65,97,83,28,5,1
7,3,99,61,77,46,1,1
20,6,30,7,24,97,1,1
16,6,22,44,60,21,9,1
22,6,18,17,15,104,4,0
4,5,20,87,78,87,1,0
21,2,84,59,78,79,8,1
15,1,79,59,91,104,2,0
5,1,10,1,44,105,2,0
7,2,79,65,95,68,1,0
17,2,86,90,43,21,1,0
11,5,95,13,72,36,9,1
14,1,65,47,77,102,1,1
8,2,40,55,27,107,6,0
12,2,95,11,35,39,7,1
14,5,46,95,95,95,4,0
9,5,56,91,70,108,5,1
15,3,87,54,87,106,4,1
6,5,56,27,83,117,4,1
16,0,78,88,97,51,1,1
22,1,67,3,94,70,6,1
20,3,45,89,57,107,7,1
21,0,41,35,81,61,7,1
6,2,73,49,40,82,8,0
13,2,80,2,43,108,7,1
14,3,51,0,96,80,6,0
20,5,57,16,98,81,8,1
6,6,83,70,16,22,3,1
8,6,90,61,92,108,9,1
18,2,39,47,16,111,3,0
15,6,30,61,56,95,4,0
7,4,69,68,17,45,6,0
17,3,22,18,87,67,8,0
22,0,10,33,10,27,3,0
17,3,74,98,86,24,6,1
19,1,42,48,12,30,5,0
6,5,47,79,62,61,5,0
2,5,34,46,47,118,5,0
17,3,35,90,60,110,9,1
9,2,86,49,24,60,7,1
6,2,68,88,76,38,9,1
16,4,42,25,73,67,9,0
13,4,50,55,77,72,6,1
23,5,39,77,14,74,6,0
2,4,66,13,99,80,4,1
11,0,58,77,98,51,8,1
12,4,57,24,19,65,2,1
1,0,81,99,17,111,5,1
2,4,58,3,21,55,1,1
4,5,56,78,73,37,2,0
10,5,65,31,68,93,1,0
7,0,74,81,76,115,6,1
22,3,21,77,59,37,2,0
22,5,78,64,32,31,4,1
11,3,97,60,49,91,5,1
6,2,15,19,87,116,7,1
14,0,98,73,96,65,1,1
23,6,74,9,86,74,5,1
16,5,34,87,85,57,4,1
3,1,10,33,27,97,7,1
21,2,41,60,30,21,7,0
12,3,12,91,10,28,8,0
17,5,58,26,47,24,4,1
0,0,28,39,50,117,4,0
15,6,69,64,51,38,5,1
12,4,38,32,18,90,5,0
9,6,59,67,32,58,3,0
11,1,11,70,87,61,5,1
1,3,82,8,20,36,5,1
22,2,65,15,80,82,8,0
2,6,26,4,40,109,7,1
9,0,69,97,97,65,8,0
1,1,45,22,35,110,5,1
22,0,70,42,39,111,2,0
12,5,26,88,43,39,8,0
12,4,58,56,55,89,9,0
17,2,85,50,78,27,2,1
2,0,69,12,14,115,1,0
6,3,29,23,70,38,6,1
13,5,59,10,92,51,3,1
19,5,12,51,47,38,1,1
16,2,52,16,37,43,6,1
20,5,66,36,35,43,8,1
11,3,59,12,70,75,9,0
15,0,77,61,32,100,6,1
23,2,90,90,55,37,6,1
11,5,59,83,39,31,1,0
14,5,46,96,76,60,5,0
9,3,55,95,42,106,3,1
6,4,51,7,12,67,7,1
19,4,24,55,78,101,9,1
4,6,42,92,92,83,6,0
0,5,89,82,51,35,5,1
16,0,20,69,71,99,7,1
2,2,29,43,67,119,9,0
12,5,33,59,66,42,5,0
13,1,73,40,10,105,5,0
23,2,89,20,82,58,4,1
17,6,74,85,69,52,5,1
3,4,97,41,78,43,7,1
17,5,97,73,68,80,3,0
4,3,82,73,55,74,4,0
15,1,95,28,43,80,9,1
0,5,85,79,34,103,2,0
20,6,26,64,51,116,8,0
13,0,98,16,38,114,9,0
14,1,70,29,34,59,5,0
8,6,24,25,63,77,7,1
14,5,60,52,82,91,6,1
16,0,36,18,76,93,1,0
23,1,95,52,24,20,8,0
3,0,83,84,13,104,9,0
11,0,70,16,47,44,1,0
4,1,67,45,29,115,8,0
4,1,40,84,32,72,3,1
10,0,21,52,46,80,6,0
5,6,55,63,71,65,8,1
6,4,40,44,17,93,5,1
23,1,41,48,46,79,8,0
13,5,41,18,54,70,7,1
23,2,62,70,42,92,7,0
10,3,70,80,16,103,7,0
12,0,55,64,31,67,9,0
1,0,94,36,14,103,6,1
6,3,83,69,24,59,6,1
19,4,89,25,30,26,9,1
3,3,16,1,98,94,6,0
7,1,13,58,26,104,7,1
19,3,61,95,65,38,7,1
21,0,98,4,59,34,2,1
20,3,40,36,16,89,8,0
18,2,84,30,59,80,6,1
12,5,93,75,69,75,4,0
13,1,45,98,92,29,7,1
9,3,63,93,16,65,8,1
10,0,63,47,49,99,1,1
1,6,26,5,54,94,4,0
8,5,84,14,68,76,4,0
16,1,39,14,97,54,9,1
2,0,31,60,84,91,6,1
23,4,52,15,64,111,4,0
5,2,36,19,73,22,1,0
4,4,46,76,74,85,8,1
4,2,55,43,63,72,9,1
21,3,44,41,49,97,5,0
14,1,13,45,62,71,5,1
22,3,89,94,53,112,8,0
16,2,89,33,72,72,8,1
8,2,94,63,11,73,5,1
2,2,35,28,88,66,4,1
19,5,28,2,30,22,6,1
16,0,90,8,97,84,5,0
9,1,54,74,59,34,8,1
2,3,35,74,90,103,9,1
17,3,31,24,61,105,1,1
17,4,67,85,18,53,9,1
16,2,72,41,29,69,9,1
23,6,37,45,92,52,6,1
2,2,74,72,27,92,5,0
2,2,53,83,93,22,7,1
5,6,52,58,39,21,8,0
12,3,46,20,74,23,9,0
23,4,75,73,33,35,9,0
14,0,26,21,97,73,3,0
8,6,49,28,56,52,8,1
3,5,47,62,92,28,1,1
13,1,94,72,99,76,7,1
4,6,70,60,53,59,5,0
1,0,18,63,38,71,2,1
10,3,86,68,86,101,2,0
8,5,84,39,77,35,8,0
23,5,70,74,26,27,5,1
2,5,89,0,14,106,3,0
8,2,25,64,97,79,1,0
2,1,11,61,90,55,7,0
1,3,81,53,59,22,3,0
11,3,52,59,49,34,7,1
9,5,51,45,55,116,2,0
8,3,86,4,60,101,4,0
14,1,66,21,20,42,2,0
7,1,90,89,21,22,4,1
4,4,97,52,22,49,5,1
10,6,76,69,73,64,8,0
1,6,39,31,17,36,2,1
23,4,22,10,74,77,3,1
14,0,28,9,18,77,5,1
5,6,16,38,11,115,9,1
7,1,18,97,87,76,5,0
4,1,92,30,22,26,9,0
15,6,63,11,11,58,4,1
17,1,95,79,77,97,5,1
5,4,91,37,85,77,9,1
4,5,70,66,57,75,4,1
15,5,96,65,83,34,5,1
12,3,11,51,12,63,5,1
4,5,59,4,77,31,4,1
12,2,84,10,15,27,4,0
16,4,40,24,96,99,5,0
17,1,42,34,14,60,6,1
7,6,87,34,12,53,7,1
12,5,89,21,19,65,6,0
18,4,20,36,52,107,1,0
2,5,42,85,28,48,2,1
23,0,16,54,23,35,7,0
7,1,40,74,30,24,3,0
1,0,57,95,52,24,2,1
7,1,56,98,37,49,6,0
12,4,87,94,30,69,4,1
12,3,62,71,45,24,5,0
0,5,89,63,33,32,6,1
5,5,28,19,63,118,3,0
23,2,90,97,47,68,1,0
18,6,99,3,26,108,3,1
15,0,15,17,31,69,3,0
7,5,58,50,92,33,6,0
0,4,82,67,54,65,4,1
15,3,59,19,83,109,7,0
8,6,90,8,70,101,2,0
12,4,21,79,20,103,4,1
10,0,32,25,70,53,8,1
12,2,63,24,47,90,6,1
20,5,78,67,75,66,3,1
9,4,68,40,42,79,2,1
3,6,45,58,52,93,3,1
5,1,12,44,40,98,1,1
6,3,67,40,44,100,1,1
4,6,97,37,46,30,2,0
10,4,64,18,56,117,3,0
12,3,66,13,32,110,9,1
18,5,26,20,45,104,8,0
22,1,48,14,49,114,9,1
9,2,99,2,99,69,7,0
9,6,77,36,98,23,7,0
10,2,64,45,90,60,5,1
20,1,54,15,24,78,7,0
6,3,85,13,46,79,4,0
17,5,10,8,13,100,5,0
3,4,30,6,31,81,1,1
1,1,92,13,90,103,4,0
13,0,30,5,31,44,3,0
12,3,61,84,90,106,2,1
11,2,91,14,87,98,2,0
6,6,52,51,87,52,8,0
1,1,61,71,26,38,1,0
12,2,76,33,81,76,8,0
13,3,53,0,99,34,9,1
16,2,41,95,95,60,6,1
8,1,19,68,89,88,1,1
16,3,73,93,89,99,7,0
7,0,88,85,47,79,5,1
1,1,78,19,33,115,9,0
23,4,77,79,15,41,7,0
12,5,37,6,77,62,5,1
2,1,62,6,91,51,2,1
15,3,60,49,15,32,4,1
5,6,62,1,35,57,2,0
18,5,13,46,50,45,9,0
6,1,88,13,84,100,2,0
9,0,26,30,47,24,2,0
8,6,76,49,89,68,2,1
1,0,83,60,92,116,1,1
14,4,56,40,52,110,9,0
4,6,65,13,62,24,8,0
21,2,32,4,24,90,2,1
3,6,27,74,99,67,2,1
19,5,10,4,65,37,5,0
3,6,44,63,65,114,4,1
17,3,73,28,40,25,2,0
3,3,67,74,92,85,8,0
16,2,68,4,66,96,8,0
11,6,10,95,60,61,4,0
21,0,12,35,33,71,4,1
16,0,76,78,67,30,9,1
9,1,46,18,82,45,4,0
21,4,92,63,96,40,9,0
0,5,38,21,13,85,3,0
21,4,98,33,19,59,2,0
23,6,42,55,72,75,8,0
17,4,70,16,82,70,3,1
17,1,99,75,92,39,2,0
13,4,13,88,24,100,8,1
14,2,23,55,72,99,8,0
11,1,42,16,28,76,5,0
3,2,31,73,72,24,9,0
2,6,57,91,65,33,6,0
19,1,12,81,30,43,5,1
11,6,96,17,43,87,3,1
6,6,94,44,26,71,7,1
10,4,32,95,27,67,9,0
0,2,77,77,90,107,4,1
5,6,30,55,75,66,7,0
14,2,52,79,60,79,3,0
14,2,94,49,74,92,2,1
18,1,35,57,52,22,1,0
10,3,50,17,66,28,6,0
22,4,47,79,19,101,5,1
1,6,97,80,46,119,2,1
13,2,20,6,57,102,3,0
1,5,38,75,78,43,9,1
3,3,69,97,65,23,3,1
16,6,76,9,85,28,7,1
2,5,74,68,45,116,1,0
12,4,70,84,40,20,7,0
8,4,28,2,64,54,9,1
6,2,55,82,47,93,8,0
14,2,58,43,82,31,7,0
22,6,31,98,99,37,8,1
10,1,87,69,24,97,4,1
19,3,66,13,25,29,2,1
1,6,23,3,86,93,9,0
14,3,53,17,98,37,3,0
13,2,25,92,62,43,4,0
19,4,86,98,65,20,7,0
21,2,21,51,16,113,2,1
10,4,64,37,66,98,8,1
2,6,60,79,64,91,8,1
16,4,48,19,61,118,5,1
11,2,42,87,13,101,9,1
23,0,42,98,52,35,8,0
20,3,38,43,49,104,1,1
14,5,78,50,39,34,9,0
15,4,79,18,19,81,5,0
4,4,40,67,16,24,9,1
19,0,89,96,45,64,9,0
5,6,40,65,44,71,3,0
18,6,98,12,97,90,8,1
4,6,55,61,48,26,7,0
2,5,86,60,45,46,7,1
0,1,61,29,29,108,2,1
5,0,19,97,58,105,2,0
14,5,97,29,68,32,2,0
1,0,83,50,58,36,2,1
2,4,50,87,99,63,4,0
16,3,86,47,35,32,7,1
23,0,12,32,45,109,2,1
11,1,68,73,52,92,5,1
17,2,61,81,52,24,7,1
14,5,43,18,85,52,9,1
11,0,58,70,42,23,8,1
15,0,37,56,87,111,9,0
7,1,92,18,54,45,7,1
13,3,96,87,54,87,3,0
16,0,22,78,97,35,1,0
20,0,78,40,24,41,7,0
7,3,76,41,26,55,6,1
14,1,70,86,21,77,2,1
13,5,69,51,31,74,1,0
17,5,80,3,32,54,4,1
19,0,33,3,99,44,4,0
6,3,72,4,87,91,6,1
2,0,95,40,21,100,5,1
11,6,70,86,77,80,9,1
20,2,32,60,60,37,8,0
23,5,39,74,22,77,9,0
2,6,69,54,66,95,7,0
19,4,27,74,64,76,9,1
13,2,65,12,91,116,3,1
14,0,62,13,37,106,9,0
13,1,16,59,53,82,2,0
6,5,78,71,28,31,9,0
16,4,81,24,55,30,6,1
11,2,88,81,12,32,4,0
19,5,61,43,92,54,2,1
3,3,13,81,29,46,3,1
8,1,43,9,34,108,5,0
5,2,78,70,84,86,9,1
15,3,42,49,65,108,7,1
21,6,78,43,90,64,3,1
21,0,47,13,70,93,4,1
20,3,35,14,64,100,2,0
20,2,10,15,44,86,8,1
1,2,13,1,87,41,6,0
23,6,48,29,68,97,3,1
7,0,63,29,48,110,5,0
10,3,99,81,66,61,5,1
12,3,42,30,92,39,1,0
16,0,42,76,76,67,5,1
7,3,81,19,43,37,6,0
20,5,29,48,50,96,2,0
17,0,25,34,31,89,3,0
17,1,30,22,36,93,5,1
13,2,54,96,30,112,3,1
14,1,99,98,50,25,5,0
5,5,96,99,40,58,5,1
10,6,91,60,36,30,8,0
12,5,71,83,46,44,9,0
0,4,40,54,75,113,8,1
5,4,51,66,63,74,3,1
8,4,21,7,18,103,1,1
7,0,74,39,92,77,3,1
10,3,82,58,51,56,1,1
21,5,12,31,45,35,9,1
18,1,99,92,19,114,3,0
23,6,18,6,68,112,8,0
8,1,60,1,49,89,6,0
16,1,25,84,63,112,3,1
11,1,97,5,48,115,9,0
13,6,87,91,16,92,8,1
14,4,12,35,13,56,3,1
15,1,33,31,24,72,7,1
21,6,82,44,85,106,5,0
21,6,22,41,57,35,2,0
19,3,11,52,15,37,8,1
0,6,80,8,82,38,1,0
9,4,30,74,44,63,4,1
7,1,28,86,81,21,4,1
17,6,98,74,80,77,5,0
0,0,56,48,77,29,4,1
1,6,31,1,67,95,1,1
0,2,84,66,86,65,7,1
0,2,42,10,28,101,2,1
8,2,41,49,71,38,3,0
12,6,73,34,80,57,5,0
0,4,94,14,19,56,8,1
12,1,48,74,34,110,8,1
19,5,93,30,53,97,2,1
21,5,81,91,67,64,9,0
6,5,51,61,34,53,6,0
1,4,18,27,85,21,9,0
5,3,34,95,49,63,4,0
6,0,98,24,85,116,3,0
13,0,11,83,79,102,5,1
17,2,28,91,19,46,5,0
14,2,29,24,75,67,4,0
1,6,79,74,34,113,7,1
9,5,26,82,80,26,8,0
22,6,98,91,96,46,5,1
11,5,77,0,20,104,9,1
16,2,93,58,45,90,7,0
7,1,12,68,58,108,7,0
10,3,96,73,57,37,8,0
2,6,60,41,96,52,4,0
5,3,91,33,16,52,6,1
8,3,35,99,86,115,5,1
5,3,65,65,60,44,1,0
8,2,73,17,26,33,9,1
6,0,17,76,41,57,2,1
8,2,90,4,35,57,6,1
17,3,46,19,31,23,8,0
11,2,36,65,22,81,3,1
7,3,54,74,21,101,5,1
7,4,13,61,80,29,7,1
17,5,95,93,10,54,4,0
19,0,99,95,42,118,5,1
14,4,97,31,23,42,1,1
6,1,46,57,73,108,4,1
10,2,80,49,52,84,7,1
19,1,42,37,67,101,7,1
15,6,40,54,50,98,4,1
3,2,64,27,90,44,6,1
5,5,21,73,77,115,5,0
21,4,20,85,48,72,1,0
2,5,97,80,10,103,8,0
8,6,81,21,50,36,7,0
9,3,41,42,54,76,5,0
13,5,66,82,97,94,7,0
10,5,47,80,97,96,3,1
17,3,69,87,88,108,8,0
21,2,95,35,90,39,5,0
11,3,28,95,22,44,2,0
22,4,93,51,80,61,2,0
11,5,65,35,18,64,4,1
12,3,23,27,72,50,7,1
12,6,42,77,32,84,4,1
18,6,19,57,63,71,9,1
18,5,89,35,56,99,2,0
22,4,73,69,48,111,6,1
13,1,73,8,96,40,4,0
3,4,71,20,35,49,6,1
12,0,77,63,10,22,9,0
7,0,52,75,23,117,9,0
22,0,89,60,83,89,9,1
20,5,68,93,74,62,9,1
22,6,61,94,78,48,3,1
18,2,28,39,76,22,9,1
11,6,30,55,58,77,3,1
17,2,31,3,59,52,3,1
5,2,18,30,67,94,5,1
17,6,18,26,62,64,6,0
18,5,82,57,66,88,9,1
21,4,36,24,95,51,1,0
4,2,26,68,27,101,8,0
23,1,53,69,25,103,4,1
8,6,54,4,11,71,7,0
2,6,17,90,22,83,6,1
9,0,89,7,54,59,6,0
18,4,27,8,89,111,7,1
2,0,42,14,81,32,4,1
21,6,10,99,52,109,6,1
14,6,85,6,81,99,3,1
0,2,15,95,63,108,5,1
6,4,50,71,83,93,2,0
11,3,64,14,40,48,3,1
16,1,14,36,85,82,9,1
20,2,68,82,18,103,6,0
23,6,89,38,82,45,3,1
19,2,27,5,57,115,2,0
4,1,58,82,27,78,5,1
3,6,91,56,96,68,5,0
11,1,74,91,20,72,1,1
19,3,92,80,71,107,3,1
23,2,63,18,93,50,7,0
17,5,70,62,28,31,9,0
16,2,17,30,99,77,5,0
18,0,12,74,83,55,4,0
8,4,34,78,33,29,3,0
3,4,78,9,22,25,9,1
20,0,64,86,55,26,7,1
1,6,49,66,62,50,7,0
3,4,92,61,38,110,8,0
1,1,91,2,45,91,1,0
14,4,59,17,80,22,4,1
1,4,42,24,26,66,5,1
3,0,27,19,57,104,5,0
5,6,66,57,86,20,1,1
6,3,25,92,33,64,3,0
9,4,89,85,63,73,2,1
18,5,47,49,94,69,7,0
18,4,50,78,10,98,5,0
21,3,16,9,88,26,3,1
11,0,87,20,76,82,8,1
2,3,62,28,15,34,1,0
12,0,72,95,87,108,1,0
17,1,98,9,64,86,6,1
7,0,41,12,47,49,1,0
20,1,47,46,42,97,4,0
14,1,31,22,17,87,6,0
0,0,25,49,99,55,1,0
2,5,61,86,88,86,9,0
7,2,38,94,87,24,4,0
3,0,25,3,29,44,9,1
15,4,85,66,64,114,9,1
22,5,26,84,57,30,6,0
9,5,73,52,92,91,7,0
11,4,98,1,65,109,1,1
13,2,22,67,97,85,5,0
13,5,81,64,19,47,3,1
1,1,65,78,61,79,6,1
22,2,14,56,59,29,4,0
4,6,21,96,43,69,9,0
4,4,50,69,45,58,7,0
5,2,12,6,70,56,4,1
12,0,42,18,25,82,6,1
8,2,95,43,88,80,2,0
21,1,59,62,27,104,3,0
14,0,65,64,80,111,7,0
13,3,18,38,56,57,4,1
23,4,91,82,95,52,7,0
6,4,59,25,41,94,9,1
19,2,38,43,52,64,5,0
1,5,48,11,92,63,1,0
6,0,54,21,49,20,5,1
5,3,26,76,74,72,6,1
16,0,65,91,44,66,2,1
1,4,55,13,78,52,8,1
2,0,76,85,59,86,2,1
4,3,78,29,21,109,9,1
4,5,23,43,85,34,2,0
0,2,76,83,94,33,3,1
7,1,32,90,67,42,8,0
11,0,70,37,92,73,6,0
23,1,32,58,72,27,1,0
3,4,36,41,82,73,4,1
12,2,63,51,58,55,5,1
22,6,19,62,45,103,3,0
14,2,98,60,63,71,1,0
10,0,86,33,56,25,3,0
9,5,25,38,41,116,9,1
2,2,50,40,62,47,2,0
21,0,64,36,41,69,1,1
13,0,70,64,71,57,7,0
15,1,95,78,46,49,7,1
9,2,90,31,47,100,5,1
9,0,96,7,39,92,2,0
11,1,58,96,67,111,1,1
8,3,82,17,41,73,5,0
0,6,61,44,75,90,4,0
4,1,11,92,60,65,9,0
19,1,59,95,20,47,5,0
7,0,95,32,68,36,2,0
10,4,52,4,29,67,4,1
11,4,86,81,46,63,9,0
0,5,17,73,82,79,8,1
21,4,68,35,58,79,3,0
19,1,74,96,28,24,8,0
10,5,90,22,64,88,2,1
4,0,21,39,49,97,3,0
14,2,13,4,16,89,5,0
4,6,86,33,14,26,8,1
11,6,50,23,51,72,1,1
4,1,16,16,97,36,4,0
16,1,96,94,57,78,1,0
16,5,97,70,16,28,1,0
23,0,78,80,20,114,5,0
11,3,78,91,82,41,6,0
23,1,90,21,58,64,1,0
14,3,39,14,39,92,6,0
14,3,82,14,50,78,5,0
5,4,15,24,12,99,4,0
11,0,98,52,95,119,5,1
19,6,28,20,49,117,8,1
17,6,89,65,60,32,9,0
13,3,94,90,93,102,2,1
1,6,75,31,41,31,6,1
8,0,19,20,57,55,3,0
4,4,25,67,80,29,2,1
19,0,46,43,80,35,1,1
0,1,88,82,29,111,4,1
22,3,86,65,98,38,8,1
2,0,86,89,44,25,3,1
5,6,41,97,33,23,5,0
4,2,56,13,49,49,5,0
20,0,81,14,86,114,5,1
4,3,52,19,61,65,9,1
0,4,91,33,48,46,8,1
16,6,45,35,77,64,8,0
18,4,35,82,70,104,1,1
13,3,19,8,85,56,1,0
11,6,40,70,90,28,2,1
9,1,38,29,74,80,8,1
19,6,14,76,71,54,1,0
20,1,86,90,90,66,4,0
17,4,10,62,11,40,9,0
23,4,96,34,15,36,2,1
10,3,12,12,84,74,3,1
1,1,76,78,52,107,6,0
17,4,80,45,91,114,3,1
6,1,44,55,49,25,4,0
23,4,24,8,98,54,9,0
14,6,76,86,48,69,9,1
10,0,39,35,37,56,5,1
17,2,91,2,89,32,7,1
22,6,84,97,72,44,9,1
11,5,52,18,73,115,8,1
5,0,69,27,21,20,7,1
19,5,49,22,50,68,8,1
22,4,74,6,38,54,5,0
12,2,38,75,32,102,5,0
19,2,83,13,94,72,5,1
15,4,28,45,89,71,1,0
17,4,12,14,60,73,6,0
9,1,45,66,54,95,5,0
22,4,52,14,99,66,8,0
7,3,24,50,31,62,8,1
17,4,50,87,19,39,2,0
20,3,99,7,16,52,6,0
0,4,89,68,82,112,6,1
22,1,45,61,98,35,3,0
7,3,93,50,24,97,1,0
5,0,86,62,86,26,7,1
4,3,42,67,55,89,5,0
14,6,14,77,99,40,5,1
21,1,87,15,94,55,8,1
14,5,96,83,96,105,5,1
1,3,23,23,70,73,5,0
0,6,77,5,70,38,1,0
22,6,92,56,60,44,2,1
22,6,56,30,47,86,5,1
10,4,63,5,21,119,7,1
9,6,13,98,97,72,3,0
17,4,92,78,86,117,1,0
17,5,18,28,75,94,2,1
16,1,62,66,63,67,3,0
7,2,86,74,48,61,9,0
14,4,87,2,85,66,8,1
7,6,69,27,48,110,4,0
16,6,55,73,87,61,8,0
11,0,63,96,39,21,9,1
7,6,83,47,57,25,3,0
13,1,46,79,92,65,6,0
3,3,32,9,40,85,8,0
0,3,36,32,34,100,7,1
0,6,79,99,77,59,9,0
18,0,99,66,60,77,7,0
15,4,75,68,22,97,1,0
13,1,70,11,72,93,9,0
20,0,86,56,51,52,5,0
15,4,60,43,63,81,6,1
4,1,59,12,76,31,2,0
8,6,28,23,89,115,2,1
1,3,10,43,99,68,4,0
17,1,49,56,65,107,4,1
5,6,41,95,28,97,5,1
8,5,31,15,55,24,7,0
0,2,75,95,24,70,1,1
8,1,49,99,41,88,4,0
15,2,47,20,58,51,9,1
12,1,57,75,30,68,8,0
8,2,64,50,74,116,3,0
20,5,84,20,79,79,6,0
12,3,90,59,36,65,9,0
8,4,64,50,32,87,8,1
10,2,60,20,56,113,7,0
3,5,69,5,21,60,7,0
1,2,17,72,94,100,1,0
5,3,95,64,75,86,5,1
13,2,77,75,14,32,7,0
3,5,84,57,18,119,2,1
5,6,81,77,29,37,6,1
18,5,18,5,91,106,2,0
5,0,99,64,72,118,3,1
1,3,11,85,95,116,1,0
17,6,89,33,81,70,3,1
12,0,79,55,82,55,7,0
8,3,94,74,80,100,5,0
22,6,99,2,39,53,4,0
18,2,68,41,91,31,8,1
12,6,28,61,25,24,8,1
10,5,37,5,94,67,1,1
0,0,81,5,14,110,9,1
23,2,23,62,38,59,9,0
21,5,33,19,56,32,2,0
6,3,53,20,31,45,2,1
20,6,65,1,87,33,8,1
14,5,99,89,66,115,6,1
0,2,60,94,92,30,3,1
11,0,41,89,44,57,2,0
6,0,59,55,97,99,5,0
14,6,50,95,69,76,8,0
20,5,75,9,79,41,6,1
18,2,34,86,69,35,3,1
0,1,70,69,67,96,9,1
16,3,75,22,12,95,8,1
16,3,51,91,43,101,6,0
2,2,74,29,54,48,1,0
11,1,45,77,59,101,2,1
5,0,85,36,11,21,4,0
10,6,18,54,24,73,2,0
2,4,45,95,46,21,3,0
7,4,47,48,24,22,8,0
13,6,42,33,69,112,9,1
13,2,51,43,94,75,6,0
9,1,70,21,73,91,4,0
1,1,55,30,90,30,2,0
13,3,95,6,61,95,7,0
8,0,98,20,32,51,7,1
2,5,70,15,46,23,9,0
20,1,27,19,50,28,5,0
7,6,79,42,66,107,4,1
15,5,91,43,34,75,6,1
1,4,89,46,46,35,2,1
5,5,24,18,49,100,2,1
20,0,57,47,94,105,9,1
11,6,81,95,55,90,7,1
4,0,22,78,69,29,7,0
1,5,52,68,28,112,5,0
15,2,69,10,18,55,7,1
4,1,66,78,78,43,9,0
14,6,80,28,14,83,5,0
11,2,26,44,98,75,9,0
3,5,59,67,35,97,1,0
14,1,41,35,28,97,3,0
10,3,31,47,39,108,7,1
15,2,64,86,57,41,4,0
22,2,66,14,25,71,2,0
5,5,22,43,80,69,3,1
13,4,56,66,27,66,7,0
17,5,96,95,65,42,8,0
11,2,71,73,30,115,9,0
10,1,63,39,40,109,6,0
12,4,38,85,10,110,9,0
20,5,31,13,12,95,4,0
22,6,74,62,34,102,5,1
10,5,38,80,17,38,1,0
22,2,57,84,74,71,9,1
15,2,14,50,71,53,9,1
14,3,44,78,16,115,9,0
20,5,83,57,16,48,3,0
14,2,92,14,17,80,8,0
3,6,80,64,28,104,3,1
10,0,55,87,26,54,6,1
18,4,44,54,20,24,5,1
14,0,54,75,58,95,8,0
3,4,22,9,20,26,3,1
20,6,19,41,50,60,1,0
12,5,75,94,71,21,9,0
21,3,79,10,61,108,9,1
18,2,81,15,75,29,3,1
1,2,34,72,77,63,2,0
13,2,53,77,84,89,4,1
3,5,69,18,76,110,8,1
15,4,56,30,49,54,6,0
20,6,49,72,14,81,1,1
19,2,16,99,94,93,8,1
13,0,55,52,31,92,5,0
14,2,32,89,46,39,6,0
2,5,92,7,20,54,5,1
7,6,55,23,53,56,5,1
15,3,95,7,95,91,3,1
9,6,22,82,62,73,4,0
3,0,30,47,86,114,5,1
17,2,10,29,70,99,2,0
1,2,28,57,76,47,6,0
16,1,69,85,22,89,2,0
12,4,42,54,20,51,4,0
3,0,13,72,20,111,1,1
10,1,12,61,94,30,4,1
6,6,61,47,94,61,7,1
11,3,37,3,16,42,8,1
9,4,79,36,26,49,2,1
6,0,79,7,57,28,3,0
12,2,64,0,23,111,1,0
6,6,66,91,72,107,7,1
23,0,96,69,73,78,4,1
16,2,25,46,84,47,8,1
9,4,33,99,86,107,5,1
9,2,78,74,74,98,9,0
23,3,50,4,43,52,6,1
3,6,86,49,18,66,2,0
19,5,56,23,86,117,1,0
3,2,85,46,46,41,1,1
21,3,78,17,39,48,9,0
6,5,40,83,50,53,1,1
21,6,39,27,54,61,3,0
0,4,27,76,56,71,2,0
11,4,53,4,16,66,4,0
23,6,36,29,23,93,1,0
12,6,35,0,57,70,1,0
9,0,69,85,15,64,4,1
14,3,27,81,43,113,4,0
12,3,98,45,89,94,7,1
22,6,65,68,55,53,8,1
21,1,40,30,68,40,8,0
21,1,68,69,79,32,8,1
20,5,11,90,17,73,9,0
21,5,48,55,33,44,1,1
8,1,70,88,76,40,9,1
8,6,72,92,13,20,8,0
14,6,27,27,10,77,1,1
9,5,26,15,43,88,7,1
23,2,48,53,18,105,9,1
9,6,80,52,72,90,4,0
7,1,63,11,85,32,9,1
23,3,85,19,19,71,1,1
15,6,44,81,19,42,9,0
16,6,20,33,59,40,6,1
4,2,70,52,53,25,4,0
3,5,53,63,57,39,5,1
17,6,77,22,96,95,7,1
23,4,34,26,15,59,4,1
18,0,57,16,97,28,8,0
3,1,41,47,33,69,3,1
6,4,93,20,94,47,2,0
9,5,13,49,67,30,1,0
17,3,47,39,73,115,6,1
18,0,72,94,65,94,2,1
3,4,56,2,91,107,8,0
9,0,10,16,21,75,4,1
0,1,12,60,44,98,9,1
22,5,95,49,80,54,4,1
17,6,71,89,98,100,4,1
4,3,73,86,15,44,8,0
14,5,26,5,74,118,8,1
16,0,87,27,89,38,5,0
2,4,71,71,69,50,3,0
11,1,44,54,77,100,2,0
1,1,22,57,38,69,9,0
0,5,44,44,47,106,9,0
22,6,52,71,31,82,5,0
20,4,11,18,17,66,8,0
16,6,65,28,72,20,7,1
21,6,86,22,22,77,3,1
15,4,60,31,36,29,5,0
4,0,63,9,27,27,9,1
14,5,25,90,27,45,4,1
2,5,27,48,86,53,3,1
6,2,16,64,95,38,7,1
10,5,54,28,71,97,8,0
9,1,45,58,23,91,5,1
8,0,50,44,20,20,8,0
13,4,51,66,95,67,5,1
12,5,16,50,26,44,9,1
1,0,24,94,60,43,7,0
2,5,69,10,23,66,5,0
6,4,49,85,66,103,9,0
20,3,92,81,15,113,5,1
17,4,46,98,66,88,8,1
2,4,75,5,13,86,4,1
9,4,64,66,20,51,9,0
21,5,86,61,83,36,6,0
6,2,89,4,20,80,6,0
8,4,65,8,88,88,3,0
16,1,53,27,17,30,3,0
10,1,66,82,93,57,4,1
6,0,15,91,68,87,1,0
23,2,41,90,30,38,6,0
13,0,83,76,74,106,1,1
18,1,27,37,33,36,4,0
3,6,77,42,39,32,7,0
5,1,82,20,93,110,6,0
9,3,16,90,66,20,8,0
6,4,17,61,89,21,4,1
12,6,73,45,82,101,9,0
13,1,16,69,26,119,8,1
3,5,50,37,68,116,5,0
7,5,49,48,40,119,6,1
4,0,12,74,73,85,5,1
0,6,26,80,57,87,6,0
3,0,75,38,32,35,1,1
2,4,88,70,79,23,4,1
8,4,61,29,39,76,9,1
7,3,31,20,64,92,4,0
0,2,13,0,16,104,2,1
5,0,15,88,84,42,6,1
8,4,47,31,21,21,2,1
6,0,35,7,69,86,3,0
3,4,20,68,61,106,7,0
12,1,99,29,36,45,4,1
16,0,26,7,21,26,1,1
1,1,97,18,22,119,9,0
4,0,40,58,81,63,6,1
11,2,86,54,89,52,9,0
20,3,44,29,71,83,3,1
7,5,25,78,38,55,5,1
5,5,88,35,44,23,9,0
7,5,27,54,69,42,6,0
17,1,71,43,38,44,2,1
2,6,36,26,40,109,1,0
21,4,44,76,86,111,9,1
11,5,54,77,85,111,1,1
2,2,44,53,70,104,5,0
21,5,37,47,11,93,1,1
5,0,18,29,42,46,5,1
1,1,85,38,81,70,5,0
22,6,24,12,71,98,7,1
11,0,30,15,68,100,7,1
1,6,61,43,49,118,1,1
5,0,44,70,58,88,9,1
16,0,60,26,41,99,1,0
2,3,92,44,47,42,5,1
1,3,64,34,88,28,7,1
22,4,96,78,96,52,8,1
19,1,86,27,97,54,2,1
7,2,53,98,22,69,1,0
21,2,74,6,94,43,4,0
11,2,97,61,63,107,4,0
3,0,89,50,85,43,6,1
4,3,34,45,22,38,1,1
12,1,96,19,48,58,1,0
14,0,56,95,32,80,3,0
22,6,89,37,23,44,5,1
15,3,65,60,26,114,6,0
9,3,47,31,33,44,5,1
22,5,20,25,67,46,5,1
15,5,76,57,72,51,9,1
11,1,24,38,43,30,2,1
16,6,10,19,60,88,1,1
15,1,16,81,95,52,6,1
11,1,10,49,19,38,9,1
7,0,58,78,81,35,7,1
19,4,82,51,30,118,8,0
2,1,38,85,46,30,5,0
15,5,35,21,16,94,4,0
12,4,96,52,99,93,6,0
22,0,54,84,22,117,3,1
18,4,80,65,89,88,1,0
7,2,21,42,39,106,4,0
21,6,41,81,40,74,9,1
4,4,29,22,14,44,4,0
19,1,60,76,41,112,1,0
7,0,90,63,25,96,4,0
23,6,45,8,82,115,7,0
11,1,76,6,31,53,3,1
0,6,10,40,73,31,6,0
20,5,36,53,53,107,1,0
19,2,49,64,49,40,4,0
5,5,93,1,46,48,3,0
21,1,23,3,87,70,1,1
17,1,78,77,25,42,3,1
7,1,96,31,52,52,4,0
6,3,88,99,93,27,5,1
0,2,15,1,72,61,6,1
20,6,42,63,24,96,2,1
15,1,64,13,53,88,2,1
11,1,28,19,99,60,6,0
5,6,86,88,18,93,5,1
19,5,38,48,74,82,1,0
1,5,70,7,53,33,3,0
13,1,79,91,29,107,5,0
3,0,88,62,79,81,2,0
0,3,89,45,83,94,1,0
22,5,33,20,42,65,9,0
17,0,32,86,89,86,5,0
12,3,19,31,15,112,2,0
1,1,63,7,92,72,4,0
8,2,50,94,40,71,3,0
20,4,58,15,75,113,7,1
1,4,26,39,27,26,1,1
8,1,65,26,37,100,4,1
0,5,54,17,77,103,7,0
10,0,39,34,74,73,5,0
2,2,53,51,89,30,4,0
19,6,83,14,54,44,4,0
22,3,64,62,67,78,2,0
3,1,28,52,56,107,8,1
17,2,38,90,75,85,4,1
22,2,11,80,61,46,2,0
5,5,45,65,45,102,9,0
2,3,28,30,10,77,7,1
21,2,16,60,48,112,3,1
10,5,35,63,96,30,7,1
14,0,88,97,99,74,1,0
21,5,47,33,84,38,1,0
4,0,12,54,10,111,4,0
19,0,89,58,84,58,4,0
9,6,75,2,97,104,4,1
11,6,80,16,83,109,9,1
14,2,52,77,23,105,6,0
16,5,71,77,87,89,3,1
9,6,80,45,80,30,6,0
5,0,33,37,32,33,2,1
17,6,48,34,52,79,2,0
12,3,77,0,31,55,7,1
2,2,53,28,69,60,3,1
23,5,14,3,36,21,7,1
9,5,64,60,65,76,3,0
13,4,39,96,11,79,2,1
5,5,38,16,48,39,4,0
2,2,35,27,60,41,4,0
15,3,92,49,28,23,3,1
6,5,35,89,71,75,9,0
19,4,46,7,80,112,6,0
13,2,62,33,85,77,5,0
8,0,39,58,76,107,6,0
14,1,12,17,72,84,8,1
20,1,52,94,14,107,5,0
2,0,16,58,81,77,4,1
1,6,58,26,87,49,7,0
1,5,82,15,70,95,5,0
2,1,50,9,80,38,4,0
17,6,86,75,16,81,5,0
13,1,88,21,59,87,4,0
19,0,63,15,55,98,8,0
17,5,78,11,81,103,8,0
9,5,36,74,85,63,1,0
1,6,17,83,83,103,3,0
21,0,41,50,23,80,4,1
0,6,93,0,82,40,2,1
3,5,73,26,78,29,5,0
13,5,19,66,74,49,8,0
0,2,22,11,74,43,2,0
13,6,72,29,66,67,9,1
15,2,44,8,71,74,7,1
21,0,70,52,29,71,6,1
13,3,63,60,84,57,8,0
19,1,17,53,35,86,2,0
2,2,38,36,53,112,5,1
2,1,50,64,76,27,4,0
8,4,39,41,79,48,8,0
5,0,95,48,71,29,1,1
12,3,30,3,54,88,3,0
20,4,85,63,20,94,8,1
1,4,20,78,81,87,5,1
7,5,11,50,83,68,4,0
20,4,59,90,43,77,6,1
1,0,50,71,97,54,5,0
3,2,75,59,55,69,3,1
14,0,12,86,90,59,5,0
3,2,89,78,41,31,4,0
12,4,60,90,84,104,1,0
11,4,77,30,97,35,1,0
12,3,96,71,14,97,7,1
13,2,93,93,72,104,4,1
19,4,34,57,38,67,1,0
17,5,39,81,57,110,6,0
5,1,91,3,25,119,1,0
10,3,20,21,34,20,8,1
1,0,26,2,81,84,9,1
22,3,35,78,38,41,3,0
18,1,32,98,61,34,7,1
18,2,65,46,55,103,5,0
4,0,61,37,34,86,3,1
18,0,57,32,32,33,5,0
1,2,29,77,43,92,7,0
9,6,11,47,76,38,7,0
1,6,97,64,43,59,9,1
10,3,40,25,41,117,8,0
17,4,36,7,38,23,4,1
23,6,11,49,18,52,5,1
14,3,87,79,75,62,5,0
8,6,13,37,66,56,2,0
22,1,22,9,48,85,7,0
18,5,44,41,16,46,7,1
8,4,81,36,78,64,9,1
2,3,75,25,17,100,9,1
20,5,15,91,27,69,4,1
8,5,40,11,91,114,5,1
13,6,19,83,58,82,7,1
18,2,30,48,25,25,7,1
6,1,83,13,30,114,8,0
15,1,32,45,19,86,8,0
15,1,12,34,13,86,2,0
0,4,41,28,53,116,9,1
3,0,29,11,17,78,4,0
3,4,83,81,64,32,1,1
6,3,38,43,28,40,1,1
7,5,61,65,73,83,5,1
16,5,55,1,49,56,7,1
4,0,43,58,60,99,5,0
6,3,93,16,18,104,3,1
19,0,70,9,39,67,7,0
19,5,81,17,65,75,1,1
3,6,80,21,90,63,1,0
5,4,79,82,53,32,2,1
6,1,20,57,68,23,1,1
17,5,91,52,24,114,9,0
4,2,98,0,77,92,4,0
19,1,72,87,79,52,7,0
2,5,30,60,70,56,5,1
6,4,12,99,89,72,7,1
21,0,91,88,99,43,7,1
13,6,97,99,32,108,1,0
6,6,19,30,86,70,1,0
4,1,36,30,56,60,3,0
21,4,21,65,26,48,2,1
4,6,16,18,66,78,7,1
22,6,26,52,63,59,3,0
1,3,74,75,61,70,7,1
20,2,73,73,31,69,9,1
21,1,35,94,92,55,1,1
5,0,24,21,48,98,3,0
14,6,42,22,22,79,6,0
20,3,71,86,87,37,9,0
9,4,56,14,75,39,5,1
22,6,44,25,61,24,3,0
23,2,74,2,23,37,8,0
6,0,81,86,82,59,5,1
4,4,85,19,83,20,6,1
0,4,92,39,72,38,2,1
12,1,34,38,80,106,4,1
20,6,66,71,37,45,1,0
17,1,41,17,98,48,4,1
12,0,72,40,55,78,1,1
20,6,21,69,37,82,4,1
20,5,72,26,11,117,2,1
17,6,86,99,26,102,6,1
4,5,10,14,68,81,6,1
12,4,60,36,61,67,8,0
3,1,79,57,13,81,9,0
16,2,17,4,86,37,8,0
2,6,77,72,91,85,1,0
16,2,14,6,12,46,3,1
10,6,98,40,46,25,6,1
20,4,95,83,33,89,1,1
19,1,48,9,81,78,8,0
22,0,32,61,44,25,6,1
20,0,77,25,11,50,1,1
3,0,61,67,42,113,2,1
1,6,13,23,85,75,6,1
19,6,56,77,95,73,8,0
15,2,30,40,86,104,5,1
17,1,65,64,19,60,1,1
7,6,75,16,90,37,2,1
2,1,68,23,71,106,4,0
8,2,16,26,52,42,4,1
19,6,58,6,78,111,7,1
5,0,25,72,68,55,2,1
9,0,26,98,18,44,7,1
20,4,93,11,86,26,7,1
9,5,96,84,69,101,7,1
12,3,84,2,72,39,3,1
16,5,43,78,61,24,6,0
8,6,42,84,32,37,6,0
16,1,35,9,39,52,4,1
23,6,75,32,52,98,1,1
8,1,72,45,77,54,9,0
8,1,96,58,30,84,2,0
0,5,50,51,52,82,9,0
1,3,95,5,82,104,8,0
15,4,67,1,16,91,1,1
0,5,88,28,25,90,7,1
9,3,19,39,32,60,3,1
17,0,24,96,67,69,9,1
7,0,51,60,96,49,5,1
20,1,66,67,40,57,3,0
10,2,96,67,78,54,8,0
22,6,26,28,15,85,3,0
1,6,69,61,74,65,7,0
7,1,18,59,68,27,7,0
21,2,45,83,37,87,7,1
7,3,82,40,27,56,1,0
16,0,89,86,97,104,5,0
14,6,45,81,86,32,1,1
16,5,57,88,19,92,7,1
22,2,60,64,16,64,8,1
23,3,79,63,46,48,7,1
12,0,83,78,54,60,1,1
18,5,89,62,95,75,3,0
4,2,77,97,25,107,3,1
11,1,31,47,97,35,7,1
0,1,86,19,23,31,4,0
22,1,89,36,20,85,3,0
4,6,15,63,92,81,6,1
7,3,35,90,96,38,6,1
12,1,84,85,43,49,5,0
7,6,97,4,69,35,6,1
22,4,12,33,22,107,3,1
10,6,61,38,48,32,5,1
0,0,83,66,53,88,9,1
12,6,69,80,37,42,4,1
18,3,72,61,49,81,2,0
23,5,74,87,25,50,5,0
2,6,61,23,59,72,3,1
23,1,99,2,37,36,3,1
16,0,85,70,77,68,4,0
4,2,23,88,69,68,4,0
19,1,98,66,21,86,5,0
20,0,81,78,25,45,7,1
7,4,77,92,62,32,4,0
13,2,37,49,63,57,7,1
3,4,80,28,58,41,9,1
10,5,19,73,45,104,3,1
19,0,66,31,71,48,5,1
14,4,75,86,93,64,4,1
18,5,99,38,35,65,9,0
6,0,59,8,65,58,5,0
18,0,23,13,99,88,2,0
18,4,25,67,31,97,1,0
10,0,63,63,82,101,7,1
4,1,52,19,78,87,1,0
4,0,51,27,90,116,8,0
21,3,90,13,58,58,9,0
7,5,31,43,11,39,7,0
9,0,77,97,62,96,9,0
5,3,28,76,16,119,6,0
14,0,75,94,86,87,7,1
15,0,48,96,29,54,3,1
16,4,82,38,39,27,9,0
7,1,28,27,84,71,3,1
7,5,25,63,76,59,6,1
8,1,63,88,68,55,4,1
1,2,34,31,75,25,9,1
14,4,27,8,12,105,1,1
17,4,32,27,65,89,9,0
2,1,94,94,88,119,4,1
16,6,20,16,26,92,5,1
3,4,48,86,61,35,1,0
3,1,77,76,16,65,1,1
13,4,34,54,14,78,6,1
8,0,72,9,63,57,1,0
8,1,39,79,70,116,2,1
22,1,54,5,25,37,3,0
17,3,99,47,76,31,7,1
9,4,70,74,68,73,2,1
20,4,60,66,56,110,5,0
3,1,18,91,57,66,9,1
11,0,85,40,73,20,8,0
7,0,11,78,59,34,8,1
1,5,14,59,94,110,2,1
21,0,71,76,50,99,1,1
12,4,78,41,81,40,9,1
20,6,61,80,31,20,4,0
15,3,95,70,63,112,9,1
1,1,14,27,14,86,7,1
10,2,68,12,26,31,6,0
9,3,77,80,87,47,9,0
14,6,18,14,50,58,4,0
16,2,31,35,90,56,1,1
7,3,36,91,44,114,5,0
17,0,19,14,49,79,6,0
22,4,89,74,31,50,6,0
8,6,70,55,57,77,1,0
7,2,60,94,62,116,7,1
13,6,19,3,19,116,8,1
17,3,15,98,27,30,5,1
21,4,71,97,89,48,2,0
19,6,14,51,58,108,2,0
19,2,79,90,80,32,5,0
20,1,72,9,39,70,7,1
11,3,65,93,28,73,7,0
18,1,68,44,64,38,4,0
13,0,72,83,69,77,3,1
16,1,98,28,96,55,9,1
23,1,68,52,81,47,7,1
20,5,60,28,90,87,2,1
2,3,59,22,30,22,1,1
22,0,13,56,35,108,2,0
6,1,57,49,37,60,3,0
16,4,41,20,48,54,5,0
11,2,60,42,42,112,3,1
8,1,61,9,49,112,9,1
14,0,83,75,92,95,4,1
17,1,43,29,38,118,7,1
20,2,45,50,29,103,4,0
12,0,79,32,29,100,3,0
20,3,52,17,83,95,1,0
7,0,25,77,21,69,9,0
13,3,68,21,34,119,1,0
7,0,62,63,34,93,1,0
13,6,28,20,13,101,1,0
6,2,98,0,13,49,5,0
22,2,50,14,18,91,7,1
11,0,90,35,24,96,7,0
10,6,56,46,35,114,1,0
21,1,63,53,88,89,6,1
21,2,64,85,99,73,9,1
10,3,28,31,80,90,6,0
21,3,71,57,41,104,4,0
12,4,68,45,85,70,9,1
17,5,74,53,61,47,3,1
1,6,77,32,41,83,4,1
20,5,37,38,18,104,4,0
14,5,27,22,87,40,4,1
19,3,35,42,22,107,6,0
17,4,28,54,65,46,7,1
14,5,64,1,53,46,9,0
18,5,66,65,92,96,3,1
22,0,15,37,39,69,8,0
23,0,10,28,25,48,8,1
11,0,17,66,21,58,1,1
12,1,60,70,83,76,5,0
21,5,94,35,75,111,5,0
10,1,97,28,27,56,8,0
4,4,34,36,22,112,8,1
0,6,56,99,33,83,2,1
23,3,64,86,21,67,3,1
2,5,73,44,69,41,2,1
21,3,92,15,69,119,1,1
18,6,19,30,95,49,2,0
22,0,65,33,10,47,6,0
6,5,21,49,52,42,1,1
11,2,42,64,64,116,6,1
14,1,80,81,49,23,1,0
4,1,26,61,73,22,2,1
14,5,70,42,43,80,8,0
7,6,19,55,43,115,6,0
9,0,40,14,57,23,9,0
15,1,69,47,42,84,1,0
7,0,79,48,77,31,5,0
0,4,26,80,39,32,7,1
11,3,59,43,93,53,9,0
4,6,46,9,99,78,9,1
2,2,91,19,88,112,4,0
0,3,71,69,80,92,4,1
3,3,99,7,80,50,4,0
7,4,89,44,38,90,3,1
2,1,81,33,32,32,8,1
9,2,97,95,43,73,5,0
1,1,86,50,93,21,7,0
10,5,38,3,24,52,6,0
9,3,41,38,62,69,9,1
20,5,97,83,26,26,3,0
13,0,89,23,73,37,6,0
6,3,20,87,93,70,3,1
1,1,15,54,70,27,2,0
8,3,44,25,66,74,3,0
15,0,42,24,86,95,2,1
12,4,27,35,97,62,2,0
8,5,46,70,46,78,7,1
19,5,22,73,16,49,3,0
3,1,83,57,17,78,8,1
21,3,99,11,96,28,2,1
9,1,90,0,87,111,7,0
21,4,73,49,77,87,3,1
11,3,10,24,30,58,9,0
16,3,72,79,70,100,7,1
13,1,98,4,83,30,9,1
13,1,43,82,95,21,2,0
1,0,19,67,89,42,6,0
20,6,93,5,84,82,5,0
19,6,16,25,95,41,2,1
10,4,65,54,38,80,4,0
15,6,89,38,34,45,4,1
18,0,46,8,67,31,8,1
22,5,38,44,23,51,7,0
5,3,21,13,87,28,5,1
23,1,26,54,75,88,9,0
18,3,57,8,63,109,1,1
4,3,93,14,86,90,4,0
3,2,35,36,76,112,5,1
14,5,92,49,39,52,8,1
3,2,21,83,27,43,3,0
19,6,30,71,63,108,5,1
9,3,51,95,30,114,3,1
23,1,70,20,62,112,7,1
21,3,67,56,92,88,3,1
2,5,63,18,25,57,7,1
4,2,43,92,37,30,2,0
5,1,16,57,13,51,7,0
20,3,44,94,64,83,9,1
21,4,24,5,24,91,5,0
7,5,74,3,73,39,6,0
6,5,99,42,74,53,3,1
20,4,34,92,25,61,5,0
9,3,68,41,29,27,5,1
5,5,88,2,73,85,3,0
13,1,95,0,42,40,8,1
3,3,15,54,90,98,6,1
12,3,61,14,78,89,3,1
19,2,88,46,78,24,1,1
16,5,97,84,67,86,1,0
22,5,30,45,48,62,2,0
6,4,80,57,86,35,5,1
3,2,41,94,45,118,7,0
13,6,62,70,77,92,1,1
2,2,68,80,96,54,1,1
23,5,78,82,30,102,4,0
4,3,71,38,72,62,6,1
15,2,13,2,94,117,9,1
22,4,95,29,15,58,1,0
19,2,27,34,33,29,5,1
3,4,90,56,62,93,9,1
23,6,65,28,92,39,8,0
23,2,33,49,85,20,7,0
1,4,75,61,87,25,2,1
17,2,22,51,59,72,9,0
18,6,71,13,21,65,8,0
18,2,63,34,65,85,9,0
16,1,24,27,24,57,9,0
13,4,78,57,92,52,9,0
18,6,12,29,49,86,3,0
21,4,46,89,50,119,7,1
23,4,46,6,78,96,1,1
12,0,12,38,78,54,9,0
11,6,72,94,15,98,9,0
5,2,44,68,96,64,3,0
20,4,61,34,76,41,5,1
3,5,96,51,42,87,8,1
18,0,37,13,52,36,6,1
15,1,27,62,30,24,9,1
12,4,45,35,93,104,3,0
3,4,42,90,74,76,7,0
22,0,73,23,26,107,6,0
16,2,35,39,17,114,5,0
22,5,57,28,73,59,4,0
0,1,49,52,99,49,5,1
17,4,26,21,37,61,4,0
19,2,49,71,99,26,3,1
16,6,16,14,22,90,7,0
14,5,66,68,22,110,6,0
10,6,17,63,47,107,4,1
21,5,65,3,34,38,9,1
12,1,40,74,71,60,1,0
0,3,68,17,32,53,1,1
16,5,67,41,95,41,9,1
5,3,21,29,30,71,7,1
3,6,57,14,63,110,2,0
19,5,40,69,72,25,5,0
15,1,92,54,39,93,4,0
14,0,72,52,84,114,1,1
14,1,83,15,77,44,9,1
5,1,48,72,85,85,6,0
14,0,85,33,82,29,6,0
13,0,29,26,41,93,4,1
10,2,57,12,84,45,2,0
6,5,80,99,33,24,8,0
8,6,63,26,16,105,8,1
15,2,87,72,81,87,3,1
4,0,84,68,98,117,7,0
19,3,80,85,10,90,7,1
9,6,38,30,12,69,5,1
17,3,83,2,37,36,5,0
2,1,82,29,52,30,8,1
12,4,57,20,55,72,4,1
10,1,83,98,10,69,1,0
16,1,92,5,47,27,1,1
21,4,65,91,44,111,9,1
12,5,26,31,83,116,4,0
5,0,18,41,85,81,1,1
16,3,43,61,83,108,2,0
12,1,54,88,63,104,7,0
18,4,97,31,33,95,2,1
20,2,18,98,37,109,1,0
18,1,16,85,31,48,9,0
9,3,25,87,25,118,5,1
2,0,28,38,22,63,4,0
13,1,15,63,71,64,4,0
18,1,20,29,52,48,1,1
4,5,85,62,96,107,3,0
4,4,70,95,87,78,1,0
19,2,51,30,41,34,5,1
16,2,22,86,76,89,5,1
20,6,21,39,92,115,9,0
9,0,94,32,95,63,8,0
4,6,83,62,66,117,5,0
3,3,29,24,74,55,5,1
5,0,59,35,78,103,7,0
3,1,45,23,58,76,2,1
6,1,97,94,42,83,7,0
6,2,78,57,28,95,1,0
17,3,46,38,45,118,5,1
2,4,21,45,79,57,6,0
0,3,49,76,24,36,1,1
23,1,63,9,33,46,9,1
3,4,11,86,36,36,9,0
5,3,59,81,58,82,1,0
8,3,50,31,84,30,4,1
21,4,54,96,32,83,8,1
13,1,18,35,42,58,2,1
11,3,71,27,50,21,8,0
19,4,95,15,65,85,9,0
23,5,56,15,38,73,9,0
3,5,14,17,40,48,1,0
20,1,85,7,74,64,9,1
23,4,10,79,27,107,4,1
11,5,53,74,91,107,8,1
9,4,31,69,15,99,9,0
21,3,47,0,61,50,3,0
6,1,28,61,49,68,6,0
2,5,89,75,74,28,3,1
22,6,40,37,51,46,1,1
13,3,76,91,77,75,6,1
23,6,96,44,41,97,5,1
9,6,51,57,19,64,3,0
15,0,91,80,78,108,4,0
15,0,35,0,18,62,2,0
21,1,22,31,78,41,4,1
9,5,67,7,70,118,4,1
12,5,27,39,20,52,3,1
5,5,76,55,77,46,6,1
11,4,96,62,83,59,1,0
8,3,12,87,17,45,9,0
12,5,64,73,58,102,3,1
3,3,98,73,33,64,3,0
23,1,67,35,42,64,3,1
10,6,72,88,28,45,7,1
19,5,61,56,11,89,8,1
17,1,98,73,64,86,2,1
10,5,33,82,20,25,1,1
20,0,81,44,26,47,5,0
3,2,18,78,51,86,8,0
17,1,46,79,70,32,3,0
0,5,92,1,12,82,6,0
6,2,62,92,95,32,3,0
5,1,89,67,44,96,6,0
14,4,33,49,94,20,4,1
17,5,30,28,98,59,7,1
23,4,49,94,75,56,1,0
10,0,71,80,10,50,1,1
19,5,79,9,16,36,5,1
23,6,78,26,29,28,9,1
14,0,23,14,52,83,5,0
15,2,51,59,15,76,4,0
6,1,59,30,64,32,8,0
20,3,70,20,30,56,5,1
9,0,13,59,60,33,1,0
11,3,81,57,55,94,7,0
23,3,97,40,44,44,4,0
13,1,84,45,17,114,5,1
4,2,26,44,77,97,6,0
20,1,94,25,25,76,7,0
17,5,66,50,76,90,2,0
4,0,99,35,80,107,1,1
2,3,57,51,73,119,3,0
22,1,53,80,11,61,1,0
4,1,54,50,10,61,4,1
23,1,89,2,67,66,6,0
16,0,99,13,10,63,5,0
18,2,42,48,16,60,4,0
18,6,40,76,97,22,7,0
20,1,56,90,78,109,6,1
11,0,15,0,94,109,3,1
8,3,81,56,27,20,9,1
0,5,80,16,97,98,5,0
17,6,43,49,41,30,1,0
20,4,62,97,54,26,6,0
3,6,23,13,42,31,5,0
9,6,25,58,83,57,8,1
6,0,52,80,82,73,4,0
21,4,82,2,58,86,1,1
22,1,83,97,42,72,2,0
0,1,90,39,80,109,8,0
16,6,21,88,77,113,8,1
23,0,79,65,37,51,5,0
1,4,28,33,96,119,6,0
10,1,50,89,62,64,2,0
8,3,62,94,53,70,9,0
6,2,38,8,89,56,6,1
21,2,79,93,64,78,9,0
16,1,68,83,19,73,3,1
16,4,98,20,23,37,6,1
1,5,73,92,45,20,5,0
5,1,33,24,43,40,9,0
13,5,98,43,97,47,1,1
5,5,25,24,27,35,9,1
1,4,61,8,25,67,5,0
0,5,89,61,46,47,1,0
9,3,15,25,50,41,8,1
20,4,46,56,34,102,7,0
4,1,94,36,17,20,6,0
1,6,13,15,97,114,2,1
21,3,47,36,93,61,5,0
15,0,50,75,93,117,3,1
1,2,90,23,27,89,2,0
9,1,23,25,77,111,1,1
1,1,80,19,57,22,9,1
15,1,95,8,79,114,2,1
15,3,60,86,76,99,1,1
18,0,74,28,27,100,7,1
6,6,61,30,27,63,9,0
21,4,39,18,65,46,6,0
11,0,66,19,32,70,8,1
23,3,88,86,44,43,7,1
14,1,91,26,15,39,9,1
7,2,39,93,35,51,7,1
5,1,51,84,94,118,6,1
9,4,20,43,70,32,1,0
2,5,36,34,97,62,9,1
18,2,33,70,24,39,5,0
16,1,48,21,41,21,2,1
6,6,81,73,21,87,8,1
20,2,27,86,14,110,4,0
19,5,86,14,73,79,3,1
3,0,54,93,80,108,1,1
13,3,97,97,95,23,5,0
19,1,96,12,36,115,3,0
21,4,21,3,88,36,4,1
14,0,58,81,54,20,9,0
23,1,40,55,44,52,7,1
7,0,31,22,35,49,5,0
20,4,53,96,32,24,8,1
14,1,73,97,22,31,6,0
21,5,86,33,99,51,2,1
19,5,34,99,12,57,7,0
13,4,60,98,38,36,1,0
8,2,16,16,75,77,3,1
7,4,15,27,73,59,1,1
16,2,33,13,37,115,1,1
1,1,28,33,96,43,5,0
23,2,92,74,45,31,6,1
2,1,18,56,15,114,3,1
7,1,45,76,20,38,3,0
11,6,49,96,47,48,3,0
0,3,33,54,43,104,1,1
9,1,57,65,90,109,5,1
19,2,72,97,76,71,1,0
2,3,78,92,55,111,3,0
5,3,62,36,95,36,6,1
6,1,63,67,38,92,6,0
19,4,51,75,69,40,3,0
22,4,54,25,63,79,9,1
17,5,99,60,78,117,8,1
10,3,23,91,83,94,3,1
18,1,38,66,83,39,5,0
4,6,15,83,18,72,5,1
18,4,16,73,94,99,5,0
10,6,46,51,86,82,3,0
23,1,62,17,19,76,5,0
11,1,27,52,84,48,5,0
9,3,96,62,77,20,4,1
7,6,47,52,67,101,4,0
23,5,68,26,61,78,2,1
8,3,10,30,43,83,9,0
3,0,77,90,44,105,7,0
4,6,53,0,42,91,1,1
20,4,56,5,81,90,5,1
7,4,44,10,41,108,2,1
22,4,96,33,64,113,6,1
8,2,69,83,17,117,7,1
14,1,99,62,55,63,2,1
14,3,61,52,23,67,6,0
15,4,17,84,17,94,3,1
13,0,89,84,80,34,9,0
7,4,50,17,86,54,4,0
17,5,12,20,63,42,3,1
9,1,78,18,30,72,3,0
19,6,93,3,84,64,2,0
5,1,23,76,23,104,9,1
11,6,35,81,84,111,8,1
1,6,79,28,11,32,5,0
6,3,67,24,70,53,9,1
15,2,49,55,26,57,2,1
2,6,60,76,87,89,6,0
12,6,14,62,98,87,7,1
2,3,86,26,57,24,6,1
17,4,41,59,17,59,3,1
10,5,89,82,65,89,9,0
7,0,10,48,26,40,8,0
5,3,86,64,78,47,8,1
0,2,63,37,21,22,8,1
0,3,20,82,47,42,9,1
22,1,62,51,27,91,1,0
7,4,17,0,35,38,8,0
4,4,34,39,46,94,2,1
15,6,49,80,79,69,4,1
10,4,41,20,50,93,1,0
4,4,97,85,88,77,6,1
3,4,37,14,51,111,1,1
5,4,87,49,99,39,5,0
13,0,12,47,85,111,9,1
21,2,93,31,50,112,1,1
18,6,88,48,56,91,9,0
8,4,71,67,23,102,4,1
11,6,36,44,10,72,3,0
10,2,54,31,26,104,8,0
13,5,34,3,64,101,6,0
22,4,70,64,62,28,7,1
15,6,53,96,40,23,9,1
0,3,55,70,71,60,5,1
12,6,23,72,17,44,2,1
22,4,17,64,39,53,3,0
20,1,57,79,86,92,3,0
20,0,23,17,89,28,4,0
12,3,74,53,75,101,7,1
1,3,89,46,54,94,6,0
3,1,91,5,27,32,3,0
5,4,16,65,54,28,7,1
22,0,88,8,28,99,4,1
4,3,97,67,86,23,8,0
2,0,58,22,77,53,7,1
0,3,64,42,92,26,7,1
3,4,22,50,59,34,9,1
19,5,82,71,34,57,8,0
1,3,65,24,47,94,1,0
4,5,65,79,45,115,7,0
2,3,24,34,77,110,3,0
8,2,66,16,65,113,4,0
19,4,67,17,48,71,6,0
5,1,44,26,72,100,5,0
17,5,97,14,16,119,8,0
5,1,25,80,67,102,2,1
18,4,17,68,89,26,5,1
11,6,96,79,68,64,5,0
10,1,54,14,57,78,3,1
1,4,49,41,14,40,5,1
14,1,63,33,96,47,4,0
11,5,23,47,45,22,5,0
11,2,68,82,97,33,9,0
8,1,62,7,34,21,7,1
20,5,36,9,54,48,1,1
23,3,56,4,28,37,3,0
1,4,89,47,16,56,9,0
21,0,15,25,67,64,4,1
2,6,64,85,90,64,4,0
11,0,53,22,75,43,6,0
15,4,27,61,89,65,3,1
20,2,25,12,48,31,3,1
23,1,21,8,27,72,9,0
0,2,29,19,10,64,5,1
20,0,54,91,72,51,7,1
2,6,73,56,12,37,5,0
19,5,68,23,30,32,6,0
1,6,99,32,39,23,8,0
8,4,31,19,20,42,8,0
18,4,56,59,31,81,2,0
14,2,38,47,66,73,9,0
17,5,95,63,98,93,6,0
10,2,54,29,12,74,7,1
22,1,86,72,39,88,3,0
15,3,18,16,97,59,4,1
21,5,33,99,54,33,6,0
16,3,24,13,45,117,7,0
4,6,45,18,96,47,6,0
11,1,22,70,81,91,5,0
10,3,53,58,73,99,2,0
14,0,80,66,63,114,7,0
2,6,81,96,77,90,5,1
0,3,87,43,59,86,9,0
19,1,85,31,40,48,4,0
15,3,45,10,38,119,2,0
1,4,70,1,68,80,7,1
1,2,90,89,45,87,7,1
2,0,49,67,86,28,1,0
7,4,36,16,82,36,5,0
23,4,10,80,94,68,3,0
14,1,43,91,76,82,9,0
6,2,77,93,98,103,9,0
5,2,97,39,98,97,7,1
8,5,30,86,85,65,9,0
19,6,42,45,20,112,2,1
0,0,16,87,20,32,8,1
7,6,74,92,35,119,1,0
22,1,12,3,62,64,3,1
22,0,60,37,23,72,8,0
2,5,88,62,73,36,8,1
3,3,63,28,89,66,8,0
14,4,89,18,19,81,7,0
5,0,83,90,40,69,2,0
14,6,68,28,45,62,3,0
20,4,15,99,19,87,9,1
2,1,38,34,35,103,2,1
20,6,26,69,29,94,7,1
20,3,69,22,53,105,1,0
13,1,31,45,71,91,3,0
19,3,33,43,82,47,1,1
13,3,90,47,88,64,6,0
3,4,94,51,18,60,4,0
11,1,60,7,80,113,1,1
16,1,59,54,99,116,5,0
6,0,20,65,33,116,4,1
8,6,65,76,21,55,2,0
2,1,80,39,69,110,7,0
12,0,51,84,93,103,8,1
14,2,48,30,87,52,4,1
17,2,78,47,95,44,9,1
18,2,57,99,25,38,3,1
0,5,66,60,38,66,6,1
5,1,30,51,41,104,7,0
22,5,91,37,92,52,7,1
1,6,29,90,44,86,6,0
23,1,24,35,52,33,9,0
13,0,78,86,62,98,1,1
5,5,86,54,29,52,9,1
13,5,60,84,93,61,9,0
3,6,85,12,17,105,4,1
20,5,71,36,51,84,5,1
7,3,94,46,86,114,3,0
2,0,46,89,79,66,7,0
18,2,15,70,25,54,2,1
13,0,80,21,78,103,8,0
19,3,35,38,62,51,9,0
16,6,17,86,54,74,6,0
7,6,82,57,60,73,9,0
23,1,13,29,15,95,6,0
13,0,30,17,42,70,3,0
5,6,40,17,88,99,3,0
22,5,30,73,24,78,2,0
21,6,34,38,23,91,5,0
15,6,24,93,48,33,4,0
18,6,44,25,72,37,6,1
13,6,58,70,14,74,5,1
18,2,52,6,99,113,6,1
2,2,50,68,90,116,4,0
9,1,46,64,61,117,3,0
18,6,66,45,25,75,1,0
8,0,51,17,47,68,5,0
19,3,56,12,62,117,6,0
12,1,70,24,96,79,5,1
6,0,23,7,86,72,5,0
13,6,77,73,62,90,6,1
8,4,62,31,55,25,4,1
22,6,93,16,24,89,4,1
18,2,43,78,68,105,8,0
14,3,85,78,59,27,8,1
19,5,33,47,18,34,3,0
13,3,29,62,35,45,7,0
23,5,78,39,12,58,5,1
5,3,39,83,56,22,5,1
20,2,97,14,14,76,3,1
3,5,16,98,71,29,2,0
7,0,45,5,93,22,3,0
16,5,47,93,93,113,7,1
8,1,89,62,14,65,3,0
0,0,61,7,19,41,2,0
23,1,24,94,89,86,4,0
19,6,55,31,72,84,5,1
13,3,32,44,34,116,7,1
10,0,21,51,53,38,1,1
20,3,53,78,34,119,8,0
2,6,24,81,39,81,3,1
8,4,58,12,23,117,6,0
13,3,30,23,95,76,4,0
8,6,24,39,52,114,5,0
3,3,23,13,37,107,6,0
3,6,51,91,28,95,2,1
7,1,89,74,51,32,3,1
1,6,24,69,29,35,8,0
8,5,72,61,95,35,8,1
13,4,77,88,88,71,1,1
21,3,36,60,20,103,8,1
8,6,96,0,63,60,2,1
23,6,62,88,33,67,8,1
22,3,61,65,79,110,5,1
15,4,72,31,26,58,1,1
16,4,82,12,37,32,8,1
15,6,62,32,59,23,5,1
11,0,66,31,64,115,1,1
2,1,61,55,82,117,4,1
10,4,52,23,19,62,1,0
13,4,16,90,30,100,9,0
17,2,51,3,67,107,2,1
20,5,13,87,43,112,8,1
20,4,78,22,52,65,4,1
4,1,14,28,20,111,9,1
15,5,84,97,42,66,2,0
19,5,89,20,67,105,3,0
4,3,50,29,55,111,2,1
2,3,13,89,70,72,5,0
11,3,11,19,71,44,1,1
0,3,76,15,10,60,3,0
20,2,30,66,30,22,1,1
8,4,79,48,71,96,8,0
8,3,52,57,73,114,4,0
3,6,91,43,96,32,3,0
2,0,78,24,82,37,8,1
16,3,18,22,65,56,9,0
1,4,93,58,10,62,8,1
23,3,37,0,30,53,6,0
0,2,35,96,31,100,3,0
7,1,91,14,63,74,8,1
12,1,92,80,13,71,5,1
22,4,12,97,74,104,5,1
14,6,82,80,60,55,9,0
7,1,58,51,83,73,1,1
11,1,26,57,72,78,7,1
21,0,72,40,24,71,8,1
11,4,64,43,45,38,3,0
13,6,32,3,38,31,8,1
14,4,43,76,61,111,1,1
14,1,78,67,55,30,8,0
8,1,24,6,78,67,7,1
18,1,56,45,38,111,4,0
19,5,12,8,56,118,7,1
21,2,92,86,34,98,7,1
7,3,37,32,89,35,1,1
20,2,12,32,25,90,3,1
18,4,13,83,98,66,7,0
5,0,97,3,50,86,5,0
19,3,40,64,74,50,9,0
18,0,54,33,78,95,7,0
3,6,68,90,29,27,3,0
22,5,54,84,78,108,1,0
6,4,84,87,45,80,5,1
3,5,46,78,67,63,5,1
21,4,74,98,57,69,7,1
11,0,18,63,91,54,1,0
12,0,26,24,11,95,2,1
2,0,74,54,89,80,6,0
21,4,12,8,38,104,8,0
11,1,35,16,25,109,4,1
1,0,62,20,44,74,3,1
23,5,40,59,71,85,3,0
1,6,35,12,90,33,3,0
22,3,32,2,13,23,2,0
8,4,39,67,77,36,1,1
0,5,19,3,60,88,5,0
7,2,81,91,98,43,5,0
22,6,98,6,42,68,5,1
5,2,73,25,87,74,4,0
5,3,31,74,33,90,3,1
21,1,24,23,84,42,3,0
17,0,65,9,34,100,2,1
16,4,83,12,37,31,5,0
11,5,29,43,16,30,4,1
5,0,56,38,45,94,6,0
7,5,96,18,19,117,2,0
18,4,62,50,45,48,2,1
9,2,62,18,92,81,8,1
0,0,10,75,27,72,6,0
12,3,11,51,15,67,3,0
16,1,67,85,16,119,5,0
2,3,28,46,21,110,3,0
7,1,71,29,50,105,2,0
13,6,87,45,72,85,3,0
2,5,81,75,34,119,1,0
15,0,21,92,90,67,7,1
12,0,35,20,62,113,6,0
19,6,36,74,42,78,5,1
23,1,38,47,96,90,6,0
16,2,24,61,82,76,8,0
12,4,55,57,15,95,3,1
5,3,10,17,71,22,3,0
16,6,69,58,75,100,5,1
13,5,66,90,18,51,5,0
16,6,12,47,76,27,1,0
7,3,27,62,25,106,4,0
10,3,61,11,98,49,9,0
19,5,69,86,97,34,8,1
0,5,43,33,64,93,3,1
6,0,98,60,49,74,5,1
20,3,69,86,35,57,5,0
20,4,35,52,47,34,7,1
16,4,81,24,44,49,8,0
9,1,28,61,96,65,9,1
10,6,31,3,77,83,7,0
21,5,42,93,68,45,2,1
8,0,47,93,23,97,8,1
8,4,44,12,56,86,8,1
23,2,76,41,80,55,2,1
4,0,92,48,81,109,6,0
16,0,19,77,51,97,1,1
8,4,24,55,60,50,7,1
16,2,20,46,28,97,2,1
23,1,99,7,75,59,5,1
20,4,33,54,56,93,7,0
18,2,86,87,74,92,9,0
6,0,13,17,51,65,1,0
22,2,22,34,47,61,9,1
8,0,82,88,22,37,5,1
6,6,66,80,53,119,6,0
12,4,46,31,33,55,8,0
10,5,57,23,39,95,2,0
13,4,80,6,79,69,7,0
18,6,10,12,47,80,4,0
10,3,69,90,32,59,9,1
12,3,21,68,83,22,6,1
13,3,30,99,66,101,7,0
12,4,20,89,88,26,6,1
0,1,53,41,32,50,8,1
7,4,67,30,45,84,6,0
11,6,53,73,66,114,7,0
18,6,87,25,10,83,8,0
11,5,43,85,81,96,1,0
7,2,34,75,12,112,4,1
7,4,13,31,23,22,6,1
20,4,73,90,90,112,1,1
12,0,99,96,43,54,4,1
11,6,25,51,79,34,6,0
15,0,19,19,78,40,7,1
0,0,75,39,60,81,6,0
12,4,44,58,38,102,4,1
6,1,92,76,91,47,7,1
4,2,15,13,57,23,2,0
7,2,28,43,88,32,6,0
13,6,68,85,88,98,5,0
22,5,62,81,25,70,2,1
12,6,17,47,66,67,9,0
14,1,87,92,19,58,7,1
22,1,19,42,28,115,3,1
16,2,76,15,76,86,7,0
14,3,47,34,45,113,6,1
19,0,38,52,13,77,7,0
17,0,24,33,84,103,4,0
17,2,96,2,42,21,8,1
1,6,32,67,37,44,8,1
3,1,91,4,89,30,7,1
0,6,55,9,18,20,7,0
3,5,92,51,84,67,8,0
17,3,37,28,15,67,1,0
4,2,35,95,58,29,6,1
18,0,19,30,85,100,2,0
14,4,56,65,31,49,1,1
7,6,13,75,57,54,7,0
19,1,64,90,30,38,6,0
16,4,75,68,42,72,5,1
0,5,76,36,90,53,5,1
11,2,16,26,65,51,9,1
18,6,64,86,38,95,9,0
14,0,89,32,62,100,6,1
8,6,40,67,49,25,3,1
6,3,83,58,83,32,7,1
1,4,28,63,27,105,4,1
8,3,37,84,56,94,5,0
9,5,90,87,22,83,7,0
1,0,37,43,36,26,7,1
18,4,28,94,71,64,8,1
10,5,96,87,83,64,1,0
12,3,29,48,54,104,5,1
9,3,22,52,12,84,9,1
13,4,86,73,31,113,7,1
17,0,52,48,36,38,2,0
18,3,20,65,64,66,1,0
21,2,57,94,76,65,8,0
8,5,24,62,42,48,9,1
6,4,26,24,11,118,5,1
2,1,63,3,84,103,6,1
19,1,59,50,55,119,2,0
5,0,37,10,83,80,5,0
20,2,92,16,42,84,4,1
1,3,13,65,67,42,8,1
5,1,31,69,16,114,8,1
2,0,95,72,24,70,5,1
15,5,48,68,35,82,8,1
7,2,43,83,20,118,6,0
1,2,53,28,47,41,6,0
16,6,51,84,36,90,4,0
8,0,49,72,16,52,3,0
11,0,21,91,10,119,9,1
2,6,11,71,83,63,5,0
10,3,37,94,30,26,4,0
0,0,83,19,88,110,6,1
22,6,95,26,39,21,4,0
12,3,90,7,17,36,6,1
14,3,99,84,97,84,8,0
4,4,76,60,92,77,8,1
20,2,80,27,12,49,6,1
16,5,81,86,64,105,1,1
22,2,93,69,24,111,1,0
23,2,85,2,45,116,3,0
5,4,90,68,15,45,2,1
20,3,19,72,51,54,1,0
21,3,95,6,59,82,1,1
10,0,66,59,27,94,6,1
17,4,95,3,92,90,7,1
3,0,46,4,59,47,8,1
2,4,86,10,39,44,3,1
12,0,73,14,86,80,1,1
22,1,88,63,48,50,5,1
8,6,95,97,21,73,8,0
20,2,49,12,68,86,4,0
5,2,69,6,85,116,2,0
11,5,57,5,53,70,9,0
1,6,28,55,97,77,9,0
2,3,81,63,13,53,3,0
2,5,42,49,45,78,7,1
11,1,53,29,57,40,1,0
14,5,46,21,23,75,8,1
8,2,98,24,90,56,8,0
22,3,45,27,58,83,3,1
7,1,90,83,76,38,5,0
10,2,97,38,96,104,4,0
15,6,30,66,86,97,7,0
21,0,11,4,18,93,7,0
3,4,40,64,30,72,8,0
0,1,39,14,81,90,5,1
23,3,85,89,90,112,5,1
6,5,53,66,25,82,8,0
1,6,21,39,25,81,5,1
23,5,60,97,37,91,1,1
4,1,58,68,60,96,3,1
6,6,33,94,65,38,2,1
3,3,33,76,89,94,5,0
4,1,69,42,66,21,8,0
23,3,20,0,61,25,9,1
0,5,22,21,55,48,9,0
0,2,81,61,87,60,1,0
14,6,83,78,47,70,1,0
19,0,81,25,93,24,1,0
18,2,73,17,57,60,1,1
9,0,29,47,50,81,9,1
17,5,81,8,68,49,1,1
2,6,82,0,76,81,7,0
10,2,80,8,83,119,6,1
14,2,87,22,93,46,9,1
10,1,37,44,75,69,9,1
16,4,11,1,36,101,4,1
16,5,52,13,41,71,9,0
5,3,17,37,65,68,6,1
4,5,22,39,19,81,5,0
7,3,94,62,49,119,9,0
1,6,44,81,26,79,7,1
15,3,32,15,67,99,9,0
19,0,55,92,15,73,5,0
23,3,24,74,48,24,4,1
11,3,11,5,27,28,3,1
5,1,70,2,82,53,5,1
0,2,85,13,81,117,9,1
3,5,73,65,98,55,3,1
16,5,61,95,51,114,1,0
12,6,45,94,13,39,2,1
17,6,76,74,29,100,5,0
4,3,78,85,37,103,3,0
23,4,76,66,49,111,6,1
23,5,56,30,74,104,8,0
2,6,92,32,53,102,6,0
10,3,11,87,32,82,9,1
12,6,53,0,66,86,6,1
3,0,73,43,56,49,5,0
13,0,90,14,22,88,4,0
21,6,87,36,25,89,2,0
10,0,37,26,99,22,6,0
9,6,63,47,64,68,2,0
18,3,83,26,74,61,5,1
17,1,76,11,90,43,1,1
5,4,45,66,25,63,3,1
14,3,72,29,46,20,5,1
20,1,34,95,61,73,7,0
9,1,95,86,19,71,8,1
4,5,57,65,47,55,7,1
4,3,48,6,53,98,7,0
9,3,56,33,83,57,2,0
4,6,30,31,63,63,6,0
2,1,39,38,60,101,5,1
22,1,40,95,61,106,9,1
5,1,35,42,79,66,4,0
3,6,31,42,68,48,7,0
17,5,30,77,22,70,8,1
8,3,10,2,50,60,6,0
16,1,46,45,21,105,3,0
12,0,86,31,59,83,5,0
14,3,94,42,66,107,1,1
19,6,55,99,59,67,8,1
16,5,18,80,66,96,2,1
12,0,26,2,63,116,7,0
15,6,56,73,75,41,9,0
21,2,94,62,17,118,1,1
3,3,68,39,72,36,4,0
4,2,63,17,18,105,7,0
4,6,95,66,69,24,9,1
8,6,21,61,72,80,2,0
16,6,73,9,81,108,2,0
12,1,15,51,12,25,6,0
1,5,62,72,82,72,3,0
12,1,25,45,22,100,4,1
21,5,99,54,18,114,3,0
20,4,14,45,98,36,1,1
22,1,82,74,61,78,6,1
18,2,55,59,71,116,2,1
2,5,23,96,17,58,2,1
9,1,53,99,54,73,7,0
1,3,72,25,62,67,5,0
12,6,61,26,72,56,8,1
18,5,35,37,90,67,2,1
16,5,62,21,66,87,8,1
20,1,38,25,63,97,7,1
13,4,28,85,28,96,8,0
11,1,56,68,76,46,3,1
20,2,17,34,55,107,8,1
11,2,32,65,19,46,6,0
10,5,44,98,27,91,2,1
6,5,62,72,21,82,6,0
3,1,67,50,58,71,5,0
18,2,14,17,32,66,3,0
0,2,25,42,71,40,1,1
23,4,26,11,20,76,7,0
2,3,41,2,82,94,2,0
12,4,61,81,65,114,1,1
14,0,29,6,97,110,1,1
1,6,75,96,98,61,7,1
10,4,93,5,64,67,1,1
3,1,91,81,34,46,9,0
18,3,10,44,18,91,6,1
16,1,67,85,21,52,4,0
2,6,92,38,20,95,4,0
17,0,53,50,47,54,5,1
7,3,15,8,37,117,2,1
21,5,59,98,17,35,5,1
23,2,81,22,83,55,2,1
18,4,97,11,98,85,4,0
4,1,29,87,56,95,5,1
6,0,23,61,45,110,6,0
20,2,14,72,59,75,6,0
7,4,50,76,18,36,9,1
4,2,49,39,69,39,4,1
16,4,43,53,81,104,5,1
4,5,89,80,76,113,6,0
3,3,54,6,62,103,4,0
21,2,80,16,91,27,6,0
18,2,89,49,26,37,2,1
20,2,80,23,62,37,7,1
1,3,36,1,37,37,3,1
10,0,87,98,72,21,4,1
21,4,87,91,24,95,9,1
12,5,53,82,28,115,5,1
14,2,42,32,95,91,9,1
11,6,42,20,79,70,6,0
21,3,53,73,56,29,8,0
20,0,29,52,80,94,5,0
21,4,45,45,57,33,5,0
10,3,16,44,82,45,3,1
6,5,41,8,29,66,7,1
4,5,76,5,46,49,2,1
16,4,48,50,84,75,3,0
23,2,33,34,11,61,2,1
19,5,95,81,73,23,8,0
8,0,79,52,95,30,4,0
13,3,97,18,45,43,8,0
11,0,96,68,14,105,8,1
5,2,63,24,73,86,8,1
16,0,47,10,16,56,8,0
18,0,83,73,79,21,8,0
18,1,89,16,31,31,9,1
15,0,84,35,83,40,2,0
11,4,41,89,55,88,9,1
11,3,54,94,49,90,8,0
19,1,70,95,70,83,1,1
5,3,79,20,55,87,5,0
22,3,97,17,93,62,2,1
3,2,62,59,37,73,5,0
5,2,60,17,96,119,8,1
10,1,85,0,44,81,9,0
0,5,65,13,10,105,9,1
23,6,36,7,38,112,1,0
22,2,47,65,18,92,7,0
14,6,71,50,18,109,8,0
10,2,27,78,31,31,3,0
18,2,73,59,72,20,6,0
17,3,86,33,75,91,3,0
16,1,39,35,89,52,9,1
18,3,58,61,67,83,3,1
20,4,50,0,79,87,2,0
13,3,22,84,64,33,9,1
17,6,43,41,22,112,8,0
18,6,34,0,28,33,8,0
14,4,75,95,88,28,2,1
14,0,27,83,42,92,6,0
3,0,14,53,83,45,5,0
6,4,28,46,74,68,2,1
12,4,51,99,69,36,5,0
2,3,27,38,21,87,4,0
15,4,41,29,52,79,9,1
8,1,30,6,26,22,1,1
7,0,19,21,77,112,6,0
19,0,46,49,38,44,7,0
12,5,58,44,64,40,6,0
16,4,95,73,16,31,5,0
16,2,22,71,53,73,4,0
16,2,64,90,86,20,5,0
0,4,26,9,14,20,9,0
7,1,18,13,69,64,5,1
18,2,97,45,15,65,8,0
5,5,53,74,16,67,7,0
2,6,87,5,55,26,4,1
4,4,55,20,66,29,5,0
12,1,17,61,63,34,7,0
14,1,46,96,55,59,6,1
13,3,28,18,19,30,3,0
22,1,72,87,13,75,3,1
15,2,55,81,76,65,2,1
17,6,80,98,34,64,3,1
21,2,35,61,96,106,1,1
21,4,55,82,87,32,9,1
10,6,55,52,70,46,2,1
2,4,84,23,47,100,3,1
21,1,23,55,41,69,5,0
9,5,94,61,32,80,4,1
9,0,72,33,46,32,5,1
20,6,81,21,12,31,6,0
15,3,12,67,22,48,5,0
11,0,37,56,43,104,1,1
1,1,38,9,97,103,6,1
8,1,96,65,74,39,9,1
23,0,27,7,85,50,3,1
2,3,44,96,17,27,2,0
23,6,86,37,92,43,6,0
14,6,85,61,18,94,3,1
2,0,56,27,37,58,4,0
18,4,14,9,87,52,6,0
17,2,84,44,27,61,6,0
7,5,68,64,51,34,2,0
16,4,84,97,50,87,3,1
7,6,68,66,79,84,9,0
6,2,56,8,42,51,2,0
6,5,22,4,98,30,3,1
2,5,87,9,86,113,9,0
0,5,98,11,63,56,4,1
3,1,42,81,96,38,1,1
4,5,71,57,45,70,2,0
0,3,88,20,94,119,3,0
14,0,25,20,65,53,9,1
4,6,53,64,26,90,9,0
12,3,67,2,19,79,6,1
7,0,15,68,96,103,6,1
7,4,98,88,53,72,3,0
4,4,24,63,11,31,5,1
8,0,13,48,23,81,4,1
0,3,65,71,50,115,9,0
3,0,73,16,11,85,9,0
2,5,77,72,28,105,1,1
1,1,43,31,89,67,8,0
7,6,65,69,98,59,9,1
22,4,41,20,10,43,5,0
8,6,18,6,11,69,4,1
1,1,72,6,36,114,4,0
13,5,81,26,11,87,2,0
13,5,87,7,60,107,9,0
3,4,42,72,19,62,5,0
5,4,96,27,28,36,3,0
10,5,30,78,89,102,6,1
2,2,64,65,22,74,9,1
7,6,85,70,57,53,9,0
2,1,66,46,65,116,5,1
13,6,11,81,81,89,8,0
12,1,22,85,65,79,4,1
12,2,13,9,59,70,5,1
1,3,93,32,54,119,7,1
12,1,59,6,98,96,7,0
18,6,57,2,68,92,7,0
5,0,87,13,48,54,8,1
15,5,39,43,30,53,5,1
1,5,38,45,64,35,1,1
7,2,17,60,66,101,9,1
16,1,21,35,50,37,9,0
22,3,50,12,79,57,7,0
1,1,35,15,91,62,6,1
9,5,59,79,58,51,5,0
15,4,11,4,53,26,5,1
5,0,64,88,44,106,3,0
1,2,65,37,14,106,1,1
1,4,23,49,80,65,6,0
12,6,15,37,83,80,8,1
23,3,90,55,83,37,2,0
14,4,98,62,60,90,8,1
1,6,70,47,66,59,8,0
6,4,21,89,67,107,8,1
2,3,22,58,45,97,3,1
7,4,28,76,19,69,8,0
22,2,53,43,59,24,4,0
13,5,98,89,46,73,3,0
23,1,68,54,29,105,9,1
22,4,46,54,22,77,8,1
21,2,34,0,84,41,2,1
6,1,25,7,28,93,8,0
20,6,47,3,65,109,3,1
6,1,52,84,54,98,6,0
0,6,96,85,69,57,5,1
16,4,23,52,77,68,8,1
8,2,15,57,66,20,9,1
20,5,98,36,63,97,7,0
12,4,32,48,46,55,6,1
20,6,69,66,92,114,6,1
18,3,21,18,46,47,1,0
20,1,22,0,23,117,5,1
18,4,15,28,53,54,8,0
21,6,72,86,92,79,6,1
16,1,47,32,51,81,1,1
22,6,59,51,10,106,5,0
22,2,61,40,32,65,5,1
9,0,49,22,73,102,3,0
9,4,17,4,37,101,8,0
3,5,70,70,13,98,9,1
7,4,17,56,50,80,6,1
21,1,43,5,69,84,6,1
19,2,88,48,27,108,2,1
19,6,69,21,72,45,2,1
17,3,66,76,70,54,6,0
13,5,55,75,58,76,8,0
17,2,31,3,56,98,2,0
13,4,96,71,48,82,9,0
19,3,49,63,98,23,9,0
20,2,54,36,91,98,4,1
23,0,64,30,15,61,4,0
14,5,60,36,92,64,4,0
21,1,95,44,62,58,5,1
3,2,14,89,85,84,8,1
12,2,22,7,34,41,2,1
22,0,37,39,74,30,5,1
7,4,93,96,14,56,2,0
17,6,89,92,74,109,8,1
11,6,71,4,17,70,1,0
22,5,96,27,48,110,7,1
13,5,33,80,52,77,3,1
1,1,16,86,91,96,4,0
17,2,47,8,82,26,8,0
23,3,46,1,14,27,3,1
1,2,77,62,13,70,7,0
10,6,51,95,10,42,1,1
8,1,95,50,65,109,9,1
11,2,14,30,54,110,6,0
16,0,73,6,74,28,3,0
14,6,59,29,12,65,7,0
16,2,96,57,31,57,5,1
17,2,24,2,81,32,8,0
21,6,82,50,65,26,8,0
5,3,62,55,27,30,9,1
16,6,34,72,34,93,6,0
22,0,98,9,57,116,4,0
23,0,94,60,93,69,2,0
17,2,18,49,40,86,3,0
7,5,47,46,39,60,5,1
8,3,31,89,89,48,8,0
5,2,96,0,75,56,2,1
4,6,58,93,90,75,5,1
11,2,77,56,19,99,9,0
10,1,24,37,80,35,2,1
0,1,74,61,68,63,8,0
10,5,63,78,60,69,3,1
18,3,39,88,18,90,8,0
8,4,29,69,63,98,4,1
1,1,42,81,71,25,4,1
11,4,95,64,90,37,7,1
3,0,86,61,18,38,5,1
3,1,16,55,18,70,4,1
17,1,17,66,33,85,7,1
14,3,37,16,48,22,3,0
18,5,54,7,84,108,9,1
12,4,82,59,17,119,5,0
18,6,98,39,34,73,3,1
16,1,89,80,75,68,2,0
5,1,83,88,19,47,7,1
15,3,20,61,33,57,7,1
23,3,40,40,89,47,5,1
11,5,21,11,92,51,4,1
18,4,87,92,68,60,2,1
4,0,60,88,40,55,2,1
16,6,53,99,20,55,7,1
22,5,59,53,15,106,7,1
0,0,26,88,79,85,4,0
23,2,44,92,41,29,4,0
22,1,10,10,48,89,4,1
9,4,38,59,57,91,2,0
14,5,60,67,22,98,9,1
22,1,73,77,68,112,1,0
20,4,13,45,76,82,8,1
20,4,96,37,65,111,6,0
10,4,37,60,50,41,7,0
12,1,25,16,65,117,5,1
4,5,72,65,44,39,6,0
0,6,85,71,47,52,6,1
23,3,62,35,90,34,9,1
11,1,94,73,76,26,4,0
10,4,26,6,43,107,5,1
16,5,49,99,85,109,4,0
3,6,22,15,97,69,1,0
14,2,61,13,79,29,6,0
8,0,67,79,20,98,5,0
20,4,46,24,36,56,4,0
19,2,88,3,57,78,6,0
18,3,85,28,33,107,5,1
18,6,70,55,27,94,3,0
11,6,88,5,36,82,2,0
4,4,43,0,63,40,6,0
9,6,79,38,64,98,4,1
16,2,26,0,30,98,3,1
4,4,29,62,68,56,8,1
21,1,82,56,43,64,9,0
15,5,68,66,67,33,7,0
6,2,78,64,57,62,2,0
8,5,96,64,63,104,8,1
2,1,42,20,27,103,5,1
14,1,87,29,12,52,7,1
15,5,26,95,33,22,5,0
17,2,66,32,10,106,2,0
13,5,92,47,15,63,4,1
2,5,10,21,28,106,5,0
11,0,22,93,95,110,6,1
8,2,36,53,52,54,5,1
6,0,79,3,17,44,1,1
8,4,68,86,78,115,1,0
12,6,15,54,61,105,3,1
17,5,32,43,82,27,9,1
4,4,19,88,56,81,2,0
12,2,60,11,94,37,5,0
3,5,28,80,37,111,9,1
1,6,60,78,55,47,7,0
15,4,96,73,13,94,8,0
8,3,77,98,97,31,2,0
8,1,93,51,17,83,5,0
5,5,92,92,70,21,9,1
10,6,51,75,26,78,1,0
21,1,66,64,43,56,1,1
23,0,77,64,29,23,8,0
21,4,47,9,89,60,2,0
0,0,71,17,83,64,9,1
3,6,16,46,43,53,9,0
12,5,80,65,52,106,4,0
22,1,59,48,19,32,2,1
12,1,61,71,39,26,3,1
12,4,35,21,34,51,1,1
1,5,35,85,66,42,3,0
8,3,28,25,72,68,5,0
23,3,18,89,80,91,3,0
7,4,70,8,56,66,3,1
6,5,29,20,93,56,6,0
3,4,59,94,90,117,3,1
17,5,89,62,12,67,3,1
2,6,90,5,55,48,9,1
5,6,31,13,45,56,2,1
11,0,22,32,35,42,1,1
11,4,21,70,19,57,8,0
20,5,19,23,43,112,3,1
7,3,74,72,87,63,7,1
21,5,39,74,17,24,2,1
21,6,17,86,64,71,8,1
0,5,30,50,19,59,9,0
3,4,31,1,66,30,8,0
20,0,27,14,88,97,8,0
10,0,75,34,95,21,8,1
2,0,57,35,54,54,7,0
12,0,53,91,59,64,2,0
16,6,18,38,73,68,8,1
21,2,76,3,11,54,5,1
21,4,63,63,54,111,6,1
9,1,35,73,71,91,4,1
20,4,94,5,23,51,1,1
11,2,35,56,83,87,5,0
14,0,43,29,24,90,3,0
20,2,17,98,23,58,9,0
9,3,19,73,40,67,4,0
13,3,57,95,38,110,2,0
12,6,64,66,36,56,4,1
4,4,63,89,94,79,3,0
5,4,87,14,18,100,3,0
23,1,49,16,29,93,5,0
1,6,24,90,67,23,1,0
21,1,90,17,88,42,5,0
16,3,27,18,97,33,8,1
3,0,32,75,58,24,9,1
13,2,71,87,66,85,1,0
9,1,55,68,25,43,2,1
2,5,96,23,84,37,2,0
2,1,48,90,17,46,6,0
14,0,24,47,76,43,1,1
5,0,62,29,28,48,1,1
16,4,97,14,76,30,2,1
11,2,73,46,45,37,4,0
21,0,72,43,98,23,2,0
19,6,89,97,69,52,4,0
23,1,25,26,45,97,3,1
10,1,79,83,20,61,3,1
3,3,75,63,60,51,9,0
5,0,22,40,89,70,8,1
0,5,56,95,64,23,9,1
19,4,18,67,63,39,1,0
22,2,72,4,26,104,5,1
15,5,43,52,71,86,4,1
14,4,90,7,51,108,9,0
16,1,38,21,33,87,3,0
7,5,46,6,26,81,5,0
11,4,52,21,57,77,8,1
21,1,95,45,93,66,5,0
20,1,73,29,95,94,9,1
9,1,33,15,79,99,2,0
14,1,80,78,16,78,6,0
8,6,43,4,23,119,5,0
1,1,57,66,20,25,9,1
4,3,21,22,21,114,7,0
5,5,32,60,14,59,8,0
6,4,88,73,14,96,7,1
20,3,22,4,29,42,5,1
0,6,96,22,63,71,5,0
22,3,54,78,64,23,4,0
6,0,74,81,67,56,2,0
19,0,56,24,88,61,9,1
11,0,67,7,99,63,3,1
15,2,14,94,39,116,3,0
15,0,86,20,33,61,3,0
10,4,14,1,96,48,8,0
20,3,69,21,82,38,6,0
3,4,30,71,12,103,1,1
12,5,33,86,57,51,3,1
6,0,27,95,80,63,4,1
3,6,30,71,31,74,2,0
14,2,63,67,23,99,6,0
18,5,19,63,57,24,1,1
8,6,33,93,38,65,1,0
10,2,94,18,59,95,8,1
7,5,98,86,89,64,4,0
0,3,69,81,19,40,1,0
22,4,66,52,80,97,7,0
23,1,32,92,98,41,9,1
7,4,31,86,36,49,7,0
12,0,77,96,88,42,1,0
21,6,43,51,37,24,1,1
3,1,79,46,18,82,1,0
7,2,37,81,80,112,8,0
2,3,48,53,89,78,7,1
8,3,51,43,35,113,3,0
1,2,32,96,90,101,3,1
1,0,79,6,96,71,3,0
12,2,89,91,17,84,2,0
14,5,11,0,11,58,4,1
22,6,33,62,66,100,7,0
11,6,26,97,61,22,9,1
3,0,74,38,67,61,3,0
7,1,79,18,12,90,7,1
8,2,78,30,17,46,4,0
22,0,69,76,68,47,1,0
4,6,59,23,11,73,5,0
23,1,21,68,71,114,8,0
19,2,56,86,58,34,3,0
17,3,76,82,29,72,4,1
10,2,74,64,38,91,3,0
14,4,36,32,26,89,8,1
21,2,57,58,83,111,8,1
8,4,97,32,31,23,4,0
16,1,71,31,15,113,2,0
11,2,53,58,71,36,3,0
6,1,28,91,40,53,3,1
9,1,68,40,71,25,4,0
9,6,17,11,21,55,2,0
12,0,64,72,21,118,2,0
18,1,56,10,72,58,3,0
10,1,11,96,25,99,1,0
12,6,48,18,34,85,8,0
20,6,54,53,31,27,6,1
7,2,41,56,97,34,3,0
7,6,74,41,85,82,1,1
3,2,47,97,27,110,3,1
14,3,86,70,54,99,1,0
10,6,20,30,89,84,3,0
10,0,19,51,77,78,4,1
0,1,68,1,21,29,6,0
16,0,99,82,58,26,7,0
14,4,64,37,42,93,7,0
19,6,29,31,95,95,9,0
5,1,90,9,72,100,8,1
23,0,26,7,27,31,4,1
21,6,77,89,63,98,6,1
14,6,14,93,36,65,1,0
8,3,69,74,92,51,8,1
13,3,32,19,87,51,6,1
17,1,55,19,34,109,2,1
16,4,61,8,43,97,8,0
17,3,19,71,97,109,4,0
4,3,55,14,69,80,9,0
19,4,37,97,63,88,4,0
19,0,52,87,96,80,1,0
8,3,35,96,14,65,7,1
10,2,64,62,45,87,5,1
23,5,57,90,63,111,5,0
21,5,38,20,97,74,4,0
0,3,36,4,45,20,6,1
17,0,27,34,78,96,1,1
5,6,69,84,48,86,3,0
1,0,83,67,79,68,7,0
14,1,78,47,13,44,8,0
20,2,83,79,83,35,9,1
13,0,30,94,74,104,1,1
4,4,33,89,94,32,4,0
5,2,12,61,49,71,2,0
5,5,71,34,46,55,2,1
21,2,11,69,76,91,1,1
17,4,75,96,40,63,5,1
13,3,51,20,90,102,2,0
9,4,43,79,96,66,4,0
13,4,51,38,86,99,9,0
12,3,29,33,56,95,3,0
2,3,77,14,36,39,8,1
5,3,54,5,60,37,6,1
7,3,84,65,29,73,5,0
11,3,51,87,22,31,2,0
12,4,56,55,72,44,3,0
10,1,14,48,53,79,8,0
11,1,98,91,33,94,9,0
0,0,58,0,12,105,7,0
16,1,46,64,19,53,1,0
15,5,43,27,74,32,6,0
10,1,82,99,58,57,7,0
12,4,79,19,67,31,6,0
17,3,27,47,86,55,2,1
10,3,87,71,87,47,9,1
11,6,28,64,11,110,3,1
5,6,87,89,75,58,6,1
8,6,49,50,40,96,6,0
15,4,26,42,77,62,8,1
3,5,69,48,92,110,4,1
2,1,51,24,46,50,6,1
15,4,90,73,82,21,1,1
23,0,81,75,33,101,9,1
11,3,74,40,86,109,9,0
10,6,62,70,53,61,7,1
4,2,16,63,92,50,1,1
17,0,14,60,50,80,3,0
18,6,33,11,83,75,5,1
22,5,37,80,60,105,4,0
22,0,71,68,51,119,5,1
5,4,26,13,87,102,7,0
21,1,29,33,49,33,9,0
17,3,12,47,57,33,1,0
5,5,46,60,93,48,5,1
3,5,99,80,13,100,3,1
11,2,24,34,69,69,3,0
18,0,60,64,48,69,2,0
1,2,57,58,14,82,6,0
16,1,17,35,15,92,6,0
10,6,22,78,23,84,3,0
10,1,57,18,79,87,1,0
20,6,12,41,87,90,7,0
15,2,74,68,21,30,2,0
1,3,82,18,71,33,8,0
1,1,40,38,36,102,3,0
22,2,35,68,63,22,1,1
7,0,90,51,99,27,9,0
12,2,65,11,21,112,5,1
9,2,43,82,17,62,1,0
7,4,18,46,83,28,6,1
3,1,71,75,25,38,3,0
14,3,22,35,61,31,4,1
0,3,78,62,35,46,8,0
10,4,50,75,17,77,5,0
6,6,86,81,54,44,6,0
16,5,10,50,93,64,4,1
19,6,98,42,90,67,6,0
23,3,56,33,28,69,3,0
17,2,13,96,26,100,1,0
21,4,72,48,74,63,6,1
21,0,61,17,38,78,1,1
11,1,19,60,23,52,3,0
8,1,37,56,26,97,8,0
4,1,15,92,22,47,7,1
9,2,36,4,72,37,8,1
3,0,21,88,42,74,2,0
4,4,71,23,38,52,7,0
9,4,61,92,46,34,4,0
10,1,57,63,92,80,1,1
20,0,76,58,55,30,3,1
23,0,55,37,33,55,5,0
9,0,83,32,23,34,8,1
7,3,24,9,14,72,2,1
1,3,80,36,62,81,2,0
22,1,45,96,97,67,8,0
7,0,23,86,39,113,9,0
15,5,87,10,69,34,1,1
21,0,12,23,82,82,2,1
4,4,76,87,37,106,4,0
2,4,95,70,35,62,3,1
11,1,28,20,27,69,1,1
12,5,85,19,45,79,4,1
12,0,63,9,17,78,2,1
9,6,78,88,27,34,5,0
3,5,19,46,93,48,1,1
8,1,42,99,67,94,8,0
21,4,22,46,41,101,2,1
23,6,60,14,58,59,3,0
22,4,41,43,57,50,3,1
1,3,84,61,91,92,4,0
18,1,33,5,80,105,7,0
0,1,44,65,74,30,9,1
6,0,92,75,42,100,3,1
16,0,79,3,59,116,1,0
2,3,49,22,13,81,1,1
19,6,63,12,93,94,6,0
19,2,53,80,45,27,5,0
20,5,71,30,37,70,7,0
2,2,77,15,12,76,7,0
2,2,42,40,15,23,3,1
16,1,86,89,54,55,7,1
6,5,65,91,32,38,9,1
13,1,45,0,16,43,8,1
16,5,63,11,70,60,3,1
17,4,28,55,74,68,5,0
12,1,52,49,15,101,8,1
19,1,21,19,33,116,2,1
19,1,20,65,46,65,7,1
20,6,79,35,54,55,7,0
17,3,21,78,60,29,8,1
3,1,50,37,97,97,1,1
0,0,34,21,54,26,8,1
17,0,12,60,72,31,1,1
0,5,12,49,38,105,3,1
12,4,93,95,34,110,9,0
19,3,37,58,19,67,4,1
19,6,32,19,44,56,9,1
22,5,57,35,64,94,1,1
9,0,76,96,34,55,8,0
10,3,51,14,54,79,3,1
8,3,97,61,21,96,7,1
8,4,49,2,13,115,2,0
4,3,15,92,99,27,7,1
0,1,29,90,76,26,7,0
16,3,20,4,26,62,9,1
21,4,36,55,82,77,2,0
1,5,30,30,74,100,8,0
23,4,22,85,91,105,5,0
12,6,95,34,62,65,9,0
8,4,44,70,93,53,8,1
3,0,56,69,66,103,3,0
4,1,95,25,37,91,3,0
10,0,37,0,25,41,8,1
23,5,30,82,30,110,9,1
18,2,27,6,86,117,2,0
20,5,40,35,51,40,3,0
2,1,69,75,63,34,8,1
11,3,46,83,41,24,2,0
18,4,30,86,47,36,8,1
18,2,23,24,79,91,5,1
12,1,98,93,47,38,6,0
6,0,69,58,63,24,4,1
14,4,32,60,69,42,3,1
22,5,38,28,86,102,8,0
6,0,56,94,86,33,9,1
7,1,39,17,56,29,8,1
4,1,99,40,21,50,9,0
20,5,93,18,62,32,1,1
13,2,47,3,42,41,5,1
3,5,92,64,37,56,7,0
22,3,36,40,12,58,8,1
9,0,98,14,91,29,2,1
19,2,96,53,35,50,4,1
14,4,24,63,63,62,7,1
17,6,68,71,49,118,5,0
19,3,12,14,75,96,1,1
12,2,19,78,77,113,2,0
7,6,88,49,98,117,5,1
8,6,89,21,99,55,6,0
15,0,26,17,56,54,1,1
18,1,92,79,11,87,3,0
15,4,20,1,51,74,6,0
6,5,57,35,43,87,6,1
13,0,14,19,30,66,7,1
13,3,78,15,53,25,3,0
3,6,73,66,96,47,1,0
14,3,23,29,11,49,7,0
2,6,59,54,68,46,3,0
4,1,35,65,95,88,5,0
0,1,81,98,25,58,4,0
2,4,78,25,29,54,1,1
14,5,16,56,35,63,7,1
23,4,25,68,25,34,4,0
7,1,64,1,79,102,1,0
3,1,87,55,32,113,6,1
1,3,65,83,51,51,4,0
23,1,13,61,46,48,4,0
23,2,57,33,81,82,2,1
9,6,26,97,15,25,1,1
3,0,45,55,46,109,3,0
2,1,79,54,31,46,5,1
1,4,89,19,15,118,9,0
16,5,47,49,41,47,7,1
22,6,71,24,26,24,4,0
20,6,57,83,47,60,8,0
23,5,19,24,26,75,4,0
19,5,45,52,46,73,6,0
22,6,38,13,32,99,1,1
12,2,87,59,58,37,6,1
4,4,13,42,70,96,5,1
20,2,53,61,58,62,2,0
8,1,65,75,70,108,1,1
21,0,51,68,86,93,6,0
5,5,22,62,41,48,2,0
4,4,55,1,95,29,9,1
9,5,91,53,72,25,9,1
7,2,42,15,16,99,1,0
6,3,30,54,31,108,5,0
6,1,89,93,94,23,8,1
5,0,88,42,15,53,4,1
20,1,66,60,70,102,3,1
19,3,78,37,23,52,5,1
2,0,79,44,25,23,5,1
18,3,76,50,12,63,8,0
21,1,57,41,18,117,6,0
14,2,85,23,56,95,2,0
3,6,42,29,94,50,1,1
11,1,45,36,51,99,3,0
5,1,42,52,51,85,2,1
18,1,40,62,32,77,4,1
3,4,30,10,12,79,3,1
14,3,36,77,10,21,9,0
8,3,81,22,76,55,5,0
4,5,71,79,80,89,4,0
12,3,35,49,12,79,9,0
22,5,75,84,58,42,4,1
17,4,21,54,76,66,6,1
4,2,31,54,64,65,1,0
15,5,26,3,13,99,2,0
18,1,16,96,40,63,4,1
13,2,77,53,75,38,9,0
15,6,46,60,87,68,6,0
14,4,47,77,73,107,6,1
21,3,20,82,40,77,9,0
3,5,10,4,72,110,4,0
6,1,34,99,75,26,3,0
15,0,51,94,40,113,7,1
23,6,61,17,56,60,7,0
21,0,33,43,31,97,9,0
20,2,62,30,83,34,6,1
21,3,65,93,92,95,2,1
20,0,72,20,55,72,6,1
7,2,90,46,98,112,8,1
16,4,17,29,67,42,6,1
15,2,68,54,70,96,9,1
22,6,54,67,55,92,4,1
9,2,36,68,10,107,3,0
9,6,61,40,34,113,5,1
1,2,27,44,70,84,3,1
8,1,95,73,90,79,2,1
16,2,25,90,23,29,2,0
10,5,75,79,54,77,4,0
9,2,14,29,86,66,3,1
21,1,91,76,48,34,9,1
16,1,12,99,75,28,7,1
3,4,90,84,41,32,6,0
15,6,89,44,67,42,8,1
19,3,79,44,65,52,9,0
14,0,16,78,15,28,3,0
20,0,59,83,98,22,7,1
4,2,23,83,76,113,9,0
5,4,47,44,91,92,1,1
16,2,88,54,59,44,9,0
0,0,56,58,47,107,7,0
18,6,42,4,12,115,4,0
3,6,52,31,14,90,6,1
16,6,38,5,33,55,6,0
8,1,66,93,63,108,6,0
23,3,14,25,43,39,2,1
1,4,69,36,48,100,5,0
7,1,79,12,97,73,7,0
14,3,11,92,57,119,6,1
6,4,79,68,58,109,3,1
5,4,52,24,43,38,5,1
0,0,13,12,89,79,8,0
14,1,65,87,16,56,5,0
22,4,68,94,27,22,3,0
6,5,98,19,79,111,9,0
16,6,18,71,43,105,3,0
1,4,12,59,60,38,2,1
8,3,99,72,77,72,6,0
8,0,57,20,23,65,8,1
12,2,52,60,78,99,6,0
5,6,10,83,98,75,1,0
5,0,66,78,17,89,8,1
19,2,62,25,24,50,1,0
19,1,25,53,92,72,9,0
20,1,60,41,68,53,8,1
2,4,84,10,20,50,6,1
16,5,99,36,29,79,2,0
16,1,64,10,64,30,9,1
11,4,10,26,45,119,8,0
15,6,99,93,91,25,4,1
14,0,37,82,23,46,2,0
12,1,62,33,67,26,6,1
22,0,67,37,47,68,1,1
0,0,82,60,98,115,7,0
16,5,69,86,89,91,1,1
2,1,68,52,91,79,6,1
14,0,31,64,10,52,5,1
3,5,17,2,74,66,3,0
3,5,58,66,10,63,6,1
17,1,51,27,94,98,4,1
16,5,36,13,69,46,6,1
18,1,48,51,34,113,4,0
10,1,92,29,19,41,1,0
19,2,34,57,59,66,5,1
2,0,47,53,21,112,8,0
7,3,94,68,41,67,6,1
13,1,33,14,42,49,9,0
0,0,33,37,81,21,4,1
13,6,69,77,35,34,9,0
1,5,92,13,51,66,8,1
22,4,59,56,59,46,3,1
3,1,75,58,70,90,6,0
23,5,23,7,50,46,4,1
18,5,62,71,66,104,1,1
5,5,41,18,11,32,9,1
0,5,57,31,79,74,4,0
16,5,48,94,40,36,5,1
7,1,49,28,32,94,3,1
18,6,51,40,85,78,4,1
20,3,86,74,63,29,9,0
0,2,85,44,37,52,7,1
4,5,17,12,88,97,8,0
15,5,88,26,28,56,3,1
5,2,35,18,85,27,3,0
7,6,21,25,57,52,7,0
12,6,52,52,11,26,8,0
15,1,60,50,20,53,5,1
2,0,91,36,53,90,1,0
18,4,72,8,68,26,3,0
11,4,58,91,68,60,5,0
15,0,36,95,47,119,3,0
10,1,18,51,34,74,1,0
9,4,48,53,30,26,7,0
19,6,74,2,51,103,1,0
3,2,80,95,45,37,6,0
11,0,99,68,18,62,6,0
22,6,80,7,21,97,7,1
1,3,16,13,19,59,1,0
23,1,81,2,68,72,3,0
21,0,89,23,14,33,9,0
18,4,76,12,42,40,2,0
4,1,19,42,78,76,5,0
7,2,80,28,89,110,3,0
6,1,94,71,72,65,5,0
13,1,62,50,38,45,7,1
23,2,96,41,27,110,1,1
22,5,66,30,15,43,3,1
2,2,95,62,62,24,6,0
17,6,36,25,91,61,7,0
15,1,63,17,41,111,3,1
22,2,13,81,51,62,4,1
18,5,97,56,56,51,6,0
18,6,32,6,40,107,5,0
17,0,57,47,71,25,9,1
19,2,92,79,65,93,1,1
15,2,51,59,20,86,5,1
7,1,12,32,35,26,1,1
0,6,12,2,36,48,8,0
16,0,37,3,92,53,7,1
11,3,72,99,66,26,5,1
20,3,90,3,36,100,6,0
10,4,40,41,68,96,4,1
4,2,19,8,71,77,9,1
11,2,58,50,29,104,3,1
16,0,95,16,12,50,2,0
5,5,30,16,25,92,7,0
0,3,62,96,53,64,2,1
4,4,96,19,88,66,6,0
13,0,85,13,39,96,8,0
4,2,98,21,49,100,3,1
21,3,63,51,74,91,3,0
23,6,66,26,38,92,3,1
0,4,29,42,39,92,1,0
17,1,58,2,41,59,9,1
15,3,16,87,19,49,5,0
8,4,38,93,60,81,9,0
18,0,57,7,17,90,5,1
21,1,22,85,60,36,7,1
4,4,12,88,45,24,1,1
1,4,11,9,64,100,9,1
14,2,25,28,44,20,1,0
6,5,15,39,45,99,4,0
3,3,54,64,65,100,7,1
0,2,80,20,45,113,9,0
12,6,14,23,98,50,1,1
19,1,65,72,93,54,6,0
21,5,80,59,70,91,5,1
6,4,41,25,71,49,3,0
14,2,58,8,90,104,2,1
22,5,22,19,96,34,1,0
13,6,39,55,34,117,2,0
22,3,34,98,73,75,4,1
18,6,94,35,69,79,6,0
21,1,69,35,66,46,5,0
23,0,68,72,79,21,4,1
19,2,94,21,61,93,8,1
23,1,37,0,65,83,7,1
17,0,67,68,72,24,4,1
9,2,29,72,77,110,5,0
8,1,43,36,29,87,5,1
7,6,14,82,63,32,3,1
9,1,91,71,10,100,9,1
16,5,69,95,99,104,5,0
1,6,52,12,19,42,2,0
5,2,66,83,32,116,4,0
4,1,66,99,60,69,4,0
8,4,84,42,33,98,5,1
4,2,63,36,22,97,8,0
17,1,90,93,38,92,5,0
19,5,54,73,67,56,1,1
8,0,95,94,52,49,2,1
16,0,46,24,19,112,3,0
16,4,93,92,40,42,3,1
11,2,57,87,83,53,6,0
6,5,63,20,97,83,9,0
2,1,57,40,23,74,1,0
9,1,15,72,43,90,6,1
1,0,43,41,26,28,9,1
2,5,72,41,30,23,4,0
15,6,87,1,76,85,3,0
1,4,57,67,67,110,6,1
23,0,32,7,88,52,6,0
9,0,93,95,17,51,2,1
5,4,22,60,47,63,5,1
21,2,56,13,35,56,1,1
10,1,53,76,73,110,9,1
22,2,41,20,39,111,9,0
6,5,35,23,18,86,3,1
14,6,62,49,41,79,5,1
5,3,23,81,20,78,3,1
19,3,61,44,95,55,7,0
8,3,45,63,43,68,1,0
21,4,17,63,27,70,5,0
19,0,49,25,28,27,6,0
11,6,95,31,63,69,7,0
18,2,31,56,91,60,3,1
19,1,25,52,46,57,7,0
2,3,69,32,91,105,4,0
14,2,69,51,21,97,6,1
1,3,19,94,13,98,5,0
20,6,34,17,52,74,4,0
1,3,40,34,36,87,6,1
21,1,30,11,60,37,3,0
2,5,90,50,14,84,3,0
5,5,42,88,15,83,5,1
14,6,40,94,86,31,5,0
9,5,99,9,96,60,9,0
8,4,30,51,65,61,4,1
0,0,45,33,98,79,5,0
15,4,74,66,77,69,9,0
5,2,13,38,53,100,4,0
8,4,77,7,24,102,3,0
3,2,99,95,99,55,7,0
1,2,13,28,51,67,7,1
3,0,18,21,20,90,8,0
0,1,39,83,82,92,4,1
18,6,54,69,20,27,4,0
9,0,13,60,75,44,9,0
20,6,78,42,36,26,7,1
14,5,32,48,67,27,3,1
21,5,25,28,99,107,9,1
18,4,31,80,81,100,5,0
15,2,81,30,30,95,4,0
20,3,57,52,30,50,1,1
23,3,71,33,81,31,9,0
21,6,69,37,10,76,6,0
3,2,89,56,67,85,2,0
1,6,14,3,22,31,7,0
12,0,89,1,82,46,3,0
0,1,16,11,15,65,6,1
16,0,60,34,96,26,8,0
12,2,74,69,67,80,3,1
3,2,18,71,26,77,5,0
6,1,91,20,82,77,6,0
16,6,54,60,21,32,1,0
8,4,56,34,95,72,7,0
3,4,76,47,61,119,4,1
18,1,33,14,85,84,7,0
0,4,19,70,79,68,7,0
9,3,82,14,82,54,5,1
3,4,86,5,61,113,8,0
8,4,57,80,46,114,8,0
12,4,44,67,12,36,5,0
13,3,63,21,17,91,5,1
9,6,96,31,19,86,7,0
5,4,90,21,56,29,6,1
15,5,80,26,50,53,4,1
5,3,25,14,73,105,2,0
16,1,62,43,51,23,8,0
9,0,49,85,52,115,3,0
17,1,29,91,18,48,2,0
21,0,97,8,23,65,7,1
17,1,78,33,13,94,6,0
2,5,54,99,11,65,8,0
19,0,15,72,94,96,6,0
20,0,78,14,10,78,7,1
14,2,58,61,84,80,2,0
14,0,48,44,74,87,2,0
3,0,11,83,55,85,6,0
8,2,48,71,68,53,9,0
18,4,30,57,84,105,3,0
23,4,49,91,16,24,8,0
16,2,91,18,75,28,5,0
10,3,63,15,24,39,6,1
8,0,21,74,81,40,6,1
9,0,90,7,56,36,3,0
17,2,46,32,99,31,5,0
19,2,47,73,49,111,1,0
12,3,24,17,51,101,2,1
7,5,16,34,60,86,3,0
6,4,87,42,44,24,4,0
16,1,59,49,50,79,9,1
20,5,74,2,94,72,1,1
22,6,76,90,66,71,3,0
14,4,53,58,47,97,3,0
19,0,40,27,81,67,6,1
14,6,52,45,17,109,5,1
0,5,86,63,83,38,3,1
13,2,57,69,72,36,4,1
4,3,91,46,96,73,7,0
10,4,90,13,13,87,3,0
15,3,90,6,57,54,9,1
1,6,70,73,61,107,8,0
7,4,84,78,47,60,2,0
10,5,93,30,96,32,5,1
17,0,19,92,14,52,4,1
2,1,38,80,94,34,5,1
0,3,57,50,79,82,3,0
10,3,90,28,90,34,1,0
15,1,71,14,98,50,8,0
17,3,22,89,33,47,9,1
15,3,53,75,95,29,8,0
22,4,56,24,86,76,4,1
9,4,73,60,26,90,2,0
17,1,62,40,87,52,4,1
5,6,99,68,99,26,9,0
18,0,86,3,92,24,9,0
3,5,85,56,35,109,5,1
12,5,53,30,12,99,5,1
23,6,37,2,11,76,3,0
13,3,11,66,11,91,6,0
2,0,66,89,31,105,7,1
9,1,66,49,80,117,9,0
5,6,43,16,13,59,7,0
0,1,96,59,47,47,3,1
22,4,67,73,93,55,7,1
23,3,61,65,79,75,1,0
13,2,38,87,82,66,2,1
7,1,44,74,61,90,4,0
18,6,84,23,40,59,7,0
13,3,57,98,35,78,9,1
9,0,42,86,45,62,5,0
16,6,84,31,35,111,8,0
8,4,82,86,37,85,7,0
5,5,87,97,14,28,5,0
10,0,18,18,83,25,3,0
6,1,57,65,27,84,3,1
16,1,76,59,24,22,6,1
0,0,92,65,66,93,4,0
21,1,45,14,14,56,3,0
4,6,80,84,46,106,4,1
8,3,53,34,95,52,3,0
17,1,91,68,95,28,6,1
23,4,69,26,31,72,7,1
20,3,72,87,61,96,4,1
1,6,14,6,24,111,3,0
10,2,96,5,26,70,3,0
5,1,95,32,60,90,3,0
7,1,99,57,54,45,9,0
3,4,85,48,72,35,3,1
17,6,49,16,37,59,3,0
10,4,28,41,68,109,8,0
4,5,56,93,95,70,4,0
14,6,74,71,30,58,7,1
17,0,76,39,51,74,3,0
1,0,27,45,90,115,8,1
21,0,59,70,78,55,3,0
10,4,39,69,91,84,5,0
12,0,75,67,26,104,1,0
3,6,14,0,77,96,5,0
21,0,51,78,16,109,6,0
6,2,93,94,98,64,7,1
10,0,14,88,49,28,2,0
21,1,59,96,49,56,2,1
23,5,94,51,52,106,9,0
3,4,67,34,82,20,1,0
14,3,88,68,92,85,2,1
0,5,93,4,60,82,2,0
22,2,17,99,82,62,7,1
2,4,40,16,32,47,6,1
13,6,21,52,41,119,9,0
5,4,30,51,40,50,7,0
17,1,71,13,26,88,3,0
0,6,99,28,67,108,3,0
5,5,42,7,95,27,1,0
5,5,35,97,44,53,8,1
20,0,99,0,39,68,1,1
15,6,49,28,73,115,2,0
4,1,74,35,62,77,7,0
16,0,68,50,60,94,1,1
9,0,24,36,46,66,4,1
20,4,10,92,99,44,9,1
17,5,20,68,15,22,8,0
6,0,64,52,43,64,8,0
2,2,11,95,65,71,3,1
12,2,74,51,34,115,5,1
14,5,53,87,22,118,4,0
19,2,25,82,72,115,8,1
18,4,31,11,75,53,7,0
2,1,27,51,14,88,7,1
3,3,56,0,84,111,7,0
4,0,90,6,20,111,1,1
0,3,39,16,97,27,7,1
3,1,19,97,87,46,4,1
11,1,67,42,53,99,3,1
23,4,71,70,94,82,5,0
9,2,94,16,78,101,2,1
22,2,89,58,11,44,8,0
20,1,15,2,49,77,9,1
19,4,76,28,46,67,5,1
23,4,50,21,58,20,3,0
12,5,52,37,84,27,7,1
22,6,94,53,45,40,1,1
13,0,86,92,84,117,3,0
22,6,27,49,82,107,9,1
4,2,67,68,79,109,2,1
3,1,69,29,43,97,9,1
13,5,97,22,67,48,1,0
9,3,36,84,46,49,4,1
16,2,77,89,69,22,6,0
9,0,31,46,21,26,7,0
6,4,33,20,41,119,3,0
15,1,49,19,90,30,9,0
0,2,83,22,13,51,4,1
16,3,75,67,42,78,5,1
20,0,49,20,52,31,8,0
8,0,15,20,18,98,3,1
5,5,27,0,60,57,8,1
18,2,90,14,29,43,1,1
12,3,96,16,48,84,8,1
2,0,39,50,32,37,8,1
6,1,30,62,50,65,6,1
21,0,71,13,53,75,5,0
8,3,19,58,44,82,9,1
21,4,22,82,32,26,6,0
4,4,85,49,67,85,1,1
9,5,18,33,57,59,6,0
22,2,77,5,96,73,1,1
16,3,48,48,67,50,6,0
11,5,33,5,66,116,3,0
22,6,43,68,96,71,6,1
15,0,70,6,48,113,6,1
2,6,50,96,37,50,1,0
21,0,14,76,73,53,9,1
8,4,88,50,71,26,8,1
14,5,59,0,92,108,2,1
4,4,13,12,71,35,2,1
22,1,60,42,94,41,5,0
12,6,61,26,97,119,2,1
13,6,48,70,94,72,1,1
19,4,17,2,35,110,2,1
14,1,54,57,60,36,5,1
15,0,97,88,59,23,7,0
22,5,37,96,45,80,5,1
12,1,36,16,35,118,1,1
16,5,74,44,42,105,7,1
22,6,43,77,77,71,6,0
7,5,90,57,82,54,7,1
20,6,71,55,17,63,2,0
1,1,71,53,75,34,5,1
4,6,47,86,32,80,8,1
5,2,35,87,79,63,7,0
11,6,33,28,64,40,6,0
17,4,48,53,52,96,6,1
21,1,30,26,30,66,1,1
21,0,56,44,31,94,1,1
0,5,57,86,18,68,7,1
16,3,22,30,43,72,3,1
10,1,12,35,68,46,6,0
9,4,41,80,35,50,5,1
18,6,44,60,10,63,3,0
13,5,28,36,14,51,6,0
9,2,23,66,50,49,3,1
14,0,57,35,72,37,8,1
18,2,95,4,31,82,7,0
3,3,90,45,77,35,9,0
1,1,77,78,57,54,5,1
8,5,54,51,75,81,1,0
9,1,28,48,25,28,8,0
10,4,73,5,89,81,2,0
13,1,75,9,62,58,6,1
6,0,88,95,95,70,1,1
22,3,75,22,74,29,6,0
14,2,84,16,88,71,4,0
21,3,54,83,73,31,5,1
18,5,96,43,97,91,7,1
21,1,83,40,77,81,6,0
14,5,76,14,72,22,1,1
23,2,78,43,71,102,9,1
7,5,12,57,91,30,6,1
10,4,47,85,90,27,6,1
8,3,86,49,80,109,9,1
14,2,51,51,54,42,5,0
0,2,92,69,61,29,6,0
0,6,49,67,83,37,6,1
18,2,59,62,74,95,7,1
2,6,44,57,11,58,9,1
9,0,33,22,58,45,5,1
7,6,97,43,31,30,5,0
14,3,26,82,38,29,4,0
9,5,49,94,44,22,4,1
0,6,83,43,90,81,8,1
17,2,75,51,85,90,2,1
1,3,53,66,33,80,8,1
18,6,32,27,39,23,2,1
12,6,15,66,93,80,1,0
21,2,75,77,51,27,9,0
0,4,30,17,80,32,8,1
1,4,44,26,59,31,6,1
15,6,38,50,80,54,4,0
14,4,16,59,69,73,2,0
12,1,62,73,39,70,8,0
15,2,46,48,21,62,3,1
16,1,32,14,58,119,4,0
20,3,17,82,91,85,5,1
6,1,85,72,55,34,4,1
23,3,57,67,52,68,8,0
16,6,19,14,11,53,9,1
6,3,88,50,84,58,1,0
12,3,33,47,89,45,2,1
4,5,99,71,63,88,4,0
16,1,56,0,44,67,1,0
2,5,62,6,61,108,6,0
6,6,48,52,42,70,5,0
16,2,76,30,94,117,7,1
6,1,75,17,93,23,6,0
20,2,15,11,81,117,3,0
0,2,30,47,60,46,5,0
16,3,82,29,35,61,3,0
16,1,83,96,71,75,9,1
10,2,45,6,70,112,2,0
2,4,12,91,35,88,6,1
14,2,97,2,46,37,9,1
20,4,95,62,39,80,7,1
10,1,87,5,20,23,5,0
15,6,51,94,62,20,2,1
21,5,54,14,50,69,2,0
8,1,53,70,14,103,4,0
23,5,42,42,75,89,2,0
23,5,69,93,22,39,8,1
0,1,95,90,72,39,7,0
21,2,92,80,91,65,7,1
15,0,92,17,99,46,3,1
8,2,79,21,34,45,7,1
18,2,92,60,53,51,8,1
11,6,86,60,23,29,5,0
18,3,35,52,78,101,1,0
21,3,95,25,68,31,1,0
8,2,30,90,65,93,4,0
6,4,11,39,61,107,2,0
13,6,56,87,75,43,7,1
18,5,39,7,77,70,3,1
18,3,36,20,21,57,4,1
1,2,80,92,84,65,9,0
8,6,29,42,77,108,2,1
12,0,59,20,52,27,8,0
14,4,32,2,82,74,1,1
2,1,22,30,83,97,3,1
10,2,90,26,15,50,4,1
20,6,13,26,24,107,6,0
13,2,23,72,51,35,1,0
7,5,29,56,40,39,8,0
17,4,22,96,95,57,2,0
18,3,12,32,62,34,5,1
15,3,99,89,15,97,6,0
1,3,99,91,42,95,8,0
7,1,91,43,38,53,3,1
21,6,87,42,30,91,9,1
5,4,56,30,63,38,5,1
11,4,12,64,65,88,8,0
14,3,10,83,30,110,4,1
7,3,99,75,64,82,9,1
3,5,33,16,67,96,8,0
14,0,44,14,73,51,5,1
19,0,23,33,95,114,3,0
16,2,76,79,55,56,1,0
12,2,22,3,93,85,5,0
17,4,56,71,31,26,5,1
1,4,59,97,69,67,4,1
12,1,87,88,20,30,8,1
12,1,94,78,56,94,3,0
21,0,35,27,40,106,9,1
14,2,12,72,86,50,3,0
19,0,60,1,27,63,4,1
9,0,49,16,31,64,6,0
2,2,77,57,65,91,9,0
18,6,45,73,26,75,2,0
2,1,60,8,47,51,2,0
21,5,10,30,34,40,2,0
13,5,42,65,41,50,5,0
7,5,16,87,24,20,6,0
22,2,61,61,22,96,3,0
3,3,20,18,67,30,3,0
19,3,36,80,99,112,2,0
10,3,23,73,59,87,6,0
10,4,95,54,20,55,1,0
10,1,89,27,22,98,9,1
1,1,55,91,59,78,4,1
16,6,85,49,47,86,2,0
8,6,19,64,10,75,6,1
1,4,33,2,48,70,5,0
23,0,70,78,36,48,3,1
14,6,27,51,45,104,3,0
15,5,95,9,41,21,5,1
3,3,18,20,50,25,4,0
7,5,26,36,24,50,5,1
8,3,67,14,40,73,2,0
4,5,22,86,15,107,1,1
15,0,59,77,98,59,5,1
12,5,15,78,61,36,1,1
6,5,94,73,91,24,3,0
19,2,60,8,31,21,8,1
16,5,45,43,40,77,8,1
2,2,80,38,82,31,9,0
4,1,34,4,55,24,1,0
18,4,20,24,76,79,4,1
11,5,53,55,52,60,6,0
6,1,23,89,10,39,7,1
8,6,38,63,53,91,5,1
5,6,83,71,66,20,7,0
16,2,59,85,18,75,8,1
15,5,14,51,14,89,6,1
22,5,81,88,88,75,4,0
2,0,78,75,18,73,1,0
20,1,97,8,54,30,5,1
3,3,66,9,86,22,4,1
9,3,35,9,33,114,5,1
4,0,15,72,83,47,4,0
20,2,25,61,51,24,9,1
21,3,69,89,31,109,3,1
9,3,21,98,69,35,3,1
11,6,84,90,95,50,7,0
9,6,12,59,46,47,2,1
12,4,72,94,48,26,9,1
10,1,73,18,93,28,8,0
21,2,71,37,83,58,6,0
15,5,15,5,83,118,9,1
7,1,28,14,99,62,3,0
7,2,27,92,98,46,4,1
7,3,89,46,62,95,7,1
12,4,96,44,37,108,1,0
1,1,52,4,86,112,1,1
11,3,82,77,24,114,1,1
9,2,12,52,69,117,8,1
11,1,81,65,69,52,6,1
10,5,47,61,15,110,3,1
14,1,77,22,61,75,7,0
15,3,85,43,21,21,6,1
16,1,53,51,28,33,5,1
